CLIENT_HANDSHAKE_TRAFFIC_SECRET 0b3c32cca50314cfd3782aa6263c085d0a7b3a281a32b3e8602113f7854650c5 c33f0e4ce21618baef125fd077e5e797208ea2fabe1f099d4b4405950d1dc3d5
SERVER_HANDSHAKE_TRAFFIC_SECRET 0b3c32cca50314cfd3782aa6263c085d0a7b3a281a32b3e8602113f7854650c5 25d7bc2316831ff5677d3762c83e0024e301ac30084fb52c2caac77c163ecbd0
CLIENT_HANDSHAKE_TRAFFIC_SECRET 8d504931864cd6acd0cad067cdf27a3a04ddbe0d5a062fe74ad06e1d6122695b a9e41960ed3966742fbb43b9019f4f6dd8c8e10d43d9e28c65419dba09a6a5797f53311c200b0c8c6c01887699801dfe
SERVER_HANDSHAKE_TRAFFIC_SECRET 8d504931864cd6acd0cad067cdf27a3a04ddbe0d5a062fe74ad06e1d6122695b b990ce82bfc639257316368f3d10f254af39b2316de2f6f34f2829cc0985cec9361b3c48a8e9ffac34c5495264beb584
CLIENT_TRAFFIC_SECRET_0 0b3c32cca50314cfd3782aa6263c085d0a7b3a281a32b3e8602113f7854650c5 7bf0a84f07c2dc474705126c0484de4a0e37dd8c845e1a53cccdd85107ebb4fe
SERVER_TRAFFIC_SECRET_0 0b3c32cca50314cfd3782aa6263c085d0a7b3a281a32b3e8602113f7854650c5 1c0500978249bba1cf1213fb462420611e0d737a0e362bedf7d78abd2c4e89a5
EXPORTER_SECRET 0b3c32cca50314cfd3782aa6263c085d0a7b3a281a32b3e8602113f7854650c5 ab73154c14d48e17e87c50822db138102a6a304662947227f4663fe8162eb91b
CLIENT_TRAFFIC_SECRET_0 8d504931864cd6acd0cad067cdf27a3a04ddbe0d5a062fe74ad06e1d6122695b 7b743ff00807da70582fe6f8ca733d62d5988836eebe05d25d004e858cc64be52553c0aa8020c518e103e592014eceec
SERVER_TRAFFIC_SECRET_0 8d504931864cd6acd0cad067cdf27a3a04ddbe0d5a062fe74ad06e1d6122695b ae7dcf32dd702550c0d3869eb3c7a3f38974d39fb7765f9229e65145281cb30f34c5e7ff28df5133ea4741ec17251fe4
EXPORTER_SECRET 8d504931864cd6acd0cad067cdf27a3a04ddbe0d5a062fe74ad06e1d6122695b 3e84bc724166106b6d6773ee80eb793f95df43d96fb0c0829b7f4e1c0a78900f24d704464aa684b5d30849c5a596cbcb
CLIENT_HANDSHAKE_TRAFFIC_SECRET 57391ab2b1cf9c5a30027a3ee99b797547a64c0836125930f169588a3aefd447 5d7548c07c4be62a62a525c0b0eeabe2d701cff6b0f8fcf5fd029836ab00867a
SERVER_HANDSHAKE_TRAFFIC_SECRET 57391ab2b1cf9c5a30027a3ee99b797547a64c0836125930f169588a3aefd447 8e494f957589d7e632f3f9c7504bb86cba69becf24a61528aa22d30a86cf7338
CLIENT_TRAFFIC_SECRET_0 57391ab2b1cf9c5a30027a3ee99b797547a64c0836125930f169588a3aefd447 f8d8a49d46a31e0c13016229c82f43a22f6270010c03e42baee6989b5533cc4e
SERVER_TRAFFIC_SECRET_0 57391ab2b1cf9c5a30027a3ee99b797547a64c0836125930f169588a3aefd447 092ee4b2830620df7951ab16592590aec86daa0c476c1f60f816dd5cb6c32b4a
EXPORTER_SECRET 57391ab2b1cf9c5a30027a3ee99b797547a64c0836125930f169588a3aefd447 ef34427913f6c6c144c628b1f3c26478bd8d9287dae6481e38eb22f7a668166d
CLIENT_HANDSHAKE_TRAFFIC_SECRET e64bc69177f3f2fdec3e9a32620505977de6faa6c0187e61a9e28924045e86f8 b8f54b5dc3ed453d47b2ee2c87d6c1ad60ae8546281431d7c47e7caa723763ac
SERVER_HANDSHAKE_TRAFFIC_SECRET e64bc69177f3f2fdec3e9a32620505977de6faa6c0187e61a9e28924045e86f8 596070f1dcca5c19e0346e741c9e6a851d0c6fc6179bb9c12d6ecdce383e8478
CLIENT_HANDSHAKE_TRAFFIC_SECRET 943abc61e685b33faaa5a5cc23db0ced2665d00f3b44612f63f498322cf5c36e c716999a644ca8d2ce396d5849c0f56c896eeadf36e1d77aad6c368d0f06894c
SERVER_HANDSHAKE_TRAFFIC_SECRET 943abc61e685b33faaa5a5cc23db0ced2665d00f3b44612f63f498322cf5c36e 3d4dd8f8ec5724fb9f6944f0c663df80d5f66bc541693066263534062ccb8f66
CLIENT_TRAFFIC_SECRET_0 e64bc69177f3f2fdec3e9a32620505977de6faa6c0187e61a9e28924045e86f8 0b3eb790dddbfc5f66aee21787c549f90f726d1cab306e575dff349adcf67975
SERVER_TRAFFIC_SECRET_0 e64bc69177f3f2fdec3e9a32620505977de6faa6c0187e61a9e28924045e86f8 e3468221eecdcfaad6038f0282fc5f81e695b1ac4febe03dc02f33cb86784fc2
EXPORTER_SECRET e64bc69177f3f2fdec3e9a32620505977de6faa6c0187e61a9e28924045e86f8 72cbcf771daf3ae3892e1d950fe1921ee3b18d0ca575c4b334bbc9116cab587e
CLIENT_TRAFFIC_SECRET_0 943abc61e685b33faaa5a5cc23db0ced2665d00f3b44612f63f498322cf5c36e 47875fb30e00ce384905e1da83feac83dcf6a35937c823490ec5361b9d34fc00
SERVER_TRAFFIC_SECRET_0 943abc61e685b33faaa5a5cc23db0ced2665d00f3b44612f63f498322cf5c36e 0f6bf3cfc010cb26626c758c5c246b19466b622814f885a56eb1adc0e68d7454
EXPORTER_SECRET 943abc61e685b33faaa5a5cc23db0ced2665d00f3b44612f63f498322cf5c36e f21f4b8f1d4baf20d924e38cd120cab8a0192c3c19207ae749e39d133b7797b0
CLIENT_HANDSHAKE_TRAFFIC_SECRET 5e24c00a4be5937531273c9b3ebfbf807915cc80cbf5abe8b1fd354e52d561a3 88b641569302ceb465e64b11af3d6ff6dfd0dfb4f28b20930dcbb97da0dbdcde
SERVER_HANDSHAKE_TRAFFIC_SECRET 5e24c00a4be5937531273c9b3ebfbf807915cc80cbf5abe8b1fd354e52d561a3 44f5afda4bbaa3694aa4753d7d206f8800872ecfa01d75a520f0a78ec4c774c5
CLIENT_TRAFFIC_SECRET_0 5e24c00a4be5937531273c9b3ebfbf807915cc80cbf5abe8b1fd354e52d561a3 db640aab23578f401bf2a6007ec18e87c67267f46a53a8333f83a5f4494b834e
SERVER_TRAFFIC_SECRET_0 5e24c00a4be5937531273c9b3ebfbf807915cc80cbf5abe8b1fd354e52d561a3 3d237d40d2bb63af9617b9898d7dab23d79b6591767e32bd52a7aaf2ad570190
EXPORTER_SECRET 5e24c00a4be5937531273c9b3ebfbf807915cc80cbf5abe8b1fd354e52d561a3 236d2fe7b74ac113598d48c9a0206daa91b70d5179e1c3583cb40438dbccfc08
CLIENT_HANDSHAKE_TRAFFIC_SECRET 7e82d2e12629f1c24a70606ed0c0f7c582287f3cc5c7ee00e59fbd2288f6c0d6 cef626684cf4827b01b675cf9f9578acab5c0ba73f4c40bfbc5e46b153b5a31b
SERVER_HANDSHAKE_TRAFFIC_SECRET 7e82d2e12629f1c24a70606ed0c0f7c582287f3cc5c7ee00e59fbd2288f6c0d6 886484d972f5873dc69aa36d0cb71169d6cb05af5319aea1b5427ec2bc46158e
CLIENT_TRAFFIC_SECRET_0 7e82d2e12629f1c24a70606ed0c0f7c582287f3cc5c7ee00e59fbd2288f6c0d6 ac85183ed826be8d8dc60e947a72e2c60448bc94abd0928695cd4752f1887aa5
SERVER_TRAFFIC_SECRET_0 7e82d2e12629f1c24a70606ed0c0f7c582287f3cc5c7ee00e59fbd2288f6c0d6 4ef8a32ecb6c12894e621c6d3c7d964afc3230d8c9fb6f70771ac8e1198077da
EXPORTER_SECRET 7e82d2e12629f1c24a70606ed0c0f7c582287f3cc5c7ee00e59fbd2288f6c0d6 d4961d06e93e8073c9f9ce1804d834652c272bc1d55361a3a8e1efbcc1e5f867
CLIENT_HANDSHAKE_TRAFFIC_SECRET f6103038220cc9d1f6c08fa192ffc70658a0ad95de23637489ab56e1aaf9af58 f7762118d8f6784ad8f6213dc8e98d0ecaf44f50be0b42fd811e59e0bd0d5dc2
SERVER_HANDSHAKE_TRAFFIC_SECRET f6103038220cc9d1f6c08fa192ffc70658a0ad95de23637489ab56e1aaf9af58 1bafd90026d0dfad9c7068458497a76a8391e52bc823c9b4806a9106d9a072d7
CLIENT_TRAFFIC_SECRET_0 f6103038220cc9d1f6c08fa192ffc70658a0ad95de23637489ab56e1aaf9af58 42be0bb1342603252be4ce102ae4dc35acfffd77176d8a8e280c43ee7c441473
SERVER_TRAFFIC_SECRET_0 f6103038220cc9d1f6c08fa192ffc70658a0ad95de23637489ab56e1aaf9af58 fcff544d27bbbedf21c997ff140bd17159e44d5edc4b9d7615f2efc940d799c5
EXPORTER_SECRET f6103038220cc9d1f6c08fa192ffc70658a0ad95de23637489ab56e1aaf9af58 b55c6f8053ef6b1f384e218189b854ad7e4df60eb29f6c7793a7e72bffbc92ff
CLIENT_HANDSHAKE_TRAFFIC_SECRET 8f8f2c156826b6e8aa060b751ebc9fe2e83c25d42bf8cd9423ee4aa84e3a4591 58a5dda3a0c90a0568f898370145ba118026fc8758cb063f6afb2d4daf424489
SERVER_HANDSHAKE_TRAFFIC_SECRET 8f8f2c156826b6e8aa060b751ebc9fe2e83c25d42bf8cd9423ee4aa84e3a4591 c4ebb57cdde784064e95278c3f437b958ab22a8c04b87bc2b826e127c5091af3
CLIENT_TRAFFIC_SECRET_0 8f8f2c156826b6e8aa060b751ebc9fe2e83c25d42bf8cd9423ee4aa84e3a4591 b0b8d1bc619c27ef5b15e209dc1b1e7b953f5d19ba1c5c1e845b9f92eccb7359
SERVER_TRAFFIC_SECRET_0 8f8f2c156826b6e8aa060b751ebc9fe2e83c25d42bf8cd9423ee4aa84e3a4591 1cc208bf098db8588d6a9083a69539c9891a932ae691a7161dae5b83dc8fa2c8
EXPORTER_SECRET 8f8f2c156826b6e8aa060b751ebc9fe2e83c25d42bf8cd9423ee4aa84e3a4591 c422d4c67b06769f1293e1870301d1d114bdc4ba4c2188afdf5dbf74b5af884c
CLIENT_HANDSHAKE_TRAFFIC_SECRET a4090b47f83e7aef10cf68480c6ea7b61f93d8dfac79ffb5b2946ce9f231e340 125af1d4e2c351e524dac1b845cf36e11f7a966f24379b5ec5cbb3ec36670d21
SERVER_HANDSHAKE_TRAFFIC_SECRET a4090b47f83e7aef10cf68480c6ea7b61f93d8dfac79ffb5b2946ce9f231e340 bd0a826f4138b18e38fb0f812cec79fa593a3c32892a0348c84a8a58d5863c0f
CLIENT_TRAFFIC_SECRET_0 a4090b47f83e7aef10cf68480c6ea7b61f93d8dfac79ffb5b2946ce9f231e340 c86c7991b95e8587674036f8d680d554facc45ab0826bd7cd3e0fd98eacf67ca
SERVER_TRAFFIC_SECRET_0 a4090b47f83e7aef10cf68480c6ea7b61f93d8dfac79ffb5b2946ce9f231e340 1852e3056c44e5b75539e54399ce22c97a1ee9d6f57be92fc3ab5873e63af786
EXPORTER_SECRET a4090b47f83e7aef10cf68480c6ea7b61f93d8dfac79ffb5b2946ce9f231e340 e50691ab0c3be2fcd87e2fc4a32d919d3fb9aa6349018a5d504a69d094090e7d
CLIENT_HANDSHAKE_TRAFFIC_SECRET 1124883bf4053f98476408c65b14f3dc818e76b6830d7b2bd13dd1c61b74b961 37527d41dcb7ac2476dcf2cd974b7a4976344f962a8ebd146ab6efb905854d83
SERVER_HANDSHAKE_TRAFFIC_SECRET 1124883bf4053f98476408c65b14f3dc818e76b6830d7b2bd13dd1c61b74b961 d1d68bad9f7671cd12aa951ffb74e81999f3fae9c7bcdfc6dbd987958f905596
CLIENT_TRAFFIC_SECRET_0 1124883bf4053f98476408c65b14f3dc818e76b6830d7b2bd13dd1c61b74b961 a60d7bb0b450b8ab8649be9e31218f3f6bedf33de52c211d45be96c5d94c95c5
SERVER_TRAFFIC_SECRET_0 1124883bf4053f98476408c65b14f3dc818e76b6830d7b2bd13dd1c61b74b961 877823feb9a49231461c29bf009ed9fdd16f61d95877e8d1cb387a3788a53825
EXPORTER_SECRET 1124883bf4053f98476408c65b14f3dc818e76b6830d7b2bd13dd1c61b74b961 4e3b4accb17ca0dbf298d99b28db993c0b9f0af02a6f882ba48c11eab697c729
CLIENT_HANDSHAKE_TRAFFIC_SECRET e943a6f883d424aa2f944197f1c353ac9ff1805e6d07e8673c7d799d2cd26b66 47a2fde35c93f88123a5054c299967a1fa592049600936bf57e005ed4014911d
SERVER_HANDSHAKE_TRAFFIC_SECRET e943a6f883d424aa2f944197f1c353ac9ff1805e6d07e8673c7d799d2cd26b66 06504ea7c04fd5d8090d15b685ac2562fa6e94952f53f95a34671314c821fa1d
CLIENT_TRAFFIC_SECRET_0 e943a6f883d424aa2f944197f1c353ac9ff1805e6d07e8673c7d799d2cd26b66 d5e127736b6b011bd1c8ced1275dd38bad34df016e64876e770502fc4984e921
SERVER_TRAFFIC_SECRET_0 e943a6f883d424aa2f944197f1c353ac9ff1805e6d07e8673c7d799d2cd26b66 da3dd07489a108d291f9a022e8f0739790232fe6c218d0c52912e9483de23085
EXPORTER_SECRET e943a6f883d424aa2f944197f1c353ac9ff1805e6d07e8673c7d799d2cd26b66 8632ad9b2fc36005ae2e2d61cf14cdfb58465f5e4d7049c4798475d23e16c2c0
CLIENT_HANDSHAKE_TRAFFIC_SECRET 161273118a80e78bfd8424ce32c061eb286c28713ebec76ae48211689f9a6e82 a664de40b8232eb8d562ad48a1d68a48a6aa6110b65598f2bbc557817c21ddd9
SERVER_HANDSHAKE_TRAFFIC_SECRET 161273118a80e78bfd8424ce32c061eb286c28713ebec76ae48211689f9a6e82 24e6e7bb91409bff081df45666d601d3363fadcfe916624e05025afc77c66237
CLIENT_TRAFFIC_SECRET_0 161273118a80e78bfd8424ce32c061eb286c28713ebec76ae48211689f9a6e82 1fb27cc4197b6281944229b997eec0f6ee0fda8f9baf818a2670efcb41a66c4d
SERVER_TRAFFIC_SECRET_0 161273118a80e78bfd8424ce32c061eb286c28713ebec76ae48211689f9a6e82 b518e45098d18e3b7da60d45655918aad24d44a7fb4c687924d92e1cd07548ff
EXPORTER_SECRET 161273118a80e78bfd8424ce32c061eb286c28713ebec76ae48211689f9a6e82 4f7ae16d5ede2b62b9a5360ea8ec6a66902ccc04f1da625862c528cd880ae03e
CLIENT_HANDSHAKE_TRAFFIC_SECRET 05c742ca29f5a36767fd0784828e042dafbe051feb16fe73d5fb3f7d15cca101 bb335a911fae795fabb0b6b18fa096bc4e81404b749d9621f1230099bcf5b80e
SERVER_HANDSHAKE_TRAFFIC_SECRET 05c742ca29f5a36767fd0784828e042dafbe051feb16fe73d5fb3f7d15cca101 c19c54d16b6a0dbce82582f8e3f5db1316488ebed87eef1b93bfcf3ab08af06d
CLIENT_TRAFFIC_SECRET_0 05c742ca29f5a36767fd0784828e042dafbe051feb16fe73d5fb3f7d15cca101 85a3e7f67f4efe24ae9c25ec9cedf2a1cb13f6111f979563bb2cedc0a4a53320
SERVER_TRAFFIC_SECRET_0 05c742ca29f5a36767fd0784828e042dafbe051feb16fe73d5fb3f7d15cca101 4bdb0bac74ade0ed3694feaedabe9bcb15fbac4b5602b3b302b908fda13f675c
EXPORTER_SECRET 05c742ca29f5a36767fd0784828e042dafbe051feb16fe73d5fb3f7d15cca101 a4d8bb39eadad476247589ef45ea689191bd53d73b841ea201eb74398f834583
CLIENT_HANDSHAKE_TRAFFIC_SECRET 65fadbd0833f8d02b611ad9a602ba4ed5bc165fbf56fb7af2c3b47f435d71fa7 a512b2a9c3701f86f7f8d9f7b4bcd50a7152d8ab485bbae680f5fba9d11abc4f
SERVER_HANDSHAKE_TRAFFIC_SECRET 65fadbd0833f8d02b611ad9a602ba4ed5bc165fbf56fb7af2c3b47f435d71fa7 00d62ddec23f813acdfb3df0d4f65282928775550cb15e6560a4dcec7081b192
CLIENT_TRAFFIC_SECRET_0 65fadbd0833f8d02b611ad9a602ba4ed5bc165fbf56fb7af2c3b47f435d71fa7 1fec1fddaed4a2b174cb7c86232b7ce4f772b4e12d1d3e7e17a64a6beb10f65d
SERVER_TRAFFIC_SECRET_0 65fadbd0833f8d02b611ad9a602ba4ed5bc165fbf56fb7af2c3b47f435d71fa7 b317e103f8ff34edd665d0af8e58b5ecd30b5cf004ae11931053af372782d8c9
EXPORTER_SECRET 65fadbd0833f8d02b611ad9a602ba4ed5bc165fbf56fb7af2c3b47f435d71fa7 8c58d4ea6c35e89b770e395e2f5ca96a47e01298b0f263d85569be42476aaea2
CLIENT_HANDSHAKE_TRAFFIC_SECRET f01240940ab55da59a419ed05ee01f52cd35ec5db7d225def2dc0e97e32ec03c 20e6a37dbb5779791d8e321178635b7d9391dfe58ded102218c26e3999850d30
SERVER_HANDSHAKE_TRAFFIC_SECRET f01240940ab55da59a419ed05ee01f52cd35ec5db7d225def2dc0e97e32ec03c ab1a3110a68959f403fe5d61e8307726ead32fd80d054ad7b0087fb2c608c5f0
CLIENT_TRAFFIC_SECRET_0 f01240940ab55da59a419ed05ee01f52cd35ec5db7d225def2dc0e97e32ec03c 66bdb921add7c9ddb509b5dcdc5fc9c745f1a8e08094ed07aee773f742d6a830
SERVER_TRAFFIC_SECRET_0 f01240940ab55da59a419ed05ee01f52cd35ec5db7d225def2dc0e97e32ec03c 46cf8cd10c92351dfe865a7ecb275ae10b6cc78597ef9dfae48a4a7052b4fef6
EXPORTER_SECRET f01240940ab55da59a419ed05ee01f52cd35ec5db7d225def2dc0e97e32ec03c 8d5fca639d11f5742830022b6522ca7c9ea2397ab13ddde234861761bc1ea6d2
CLIENT_HANDSHAKE_TRAFFIC_SECRET f37df068d479612799da166fdf06a6f4e6d1d82b9825d8aea78a7122a50f2a71 09aea979cda76f154db210a1cb0a77d48e89d2cf2d0b05c0aafee6604ad8f7c2
SERVER_HANDSHAKE_TRAFFIC_SECRET f37df068d479612799da166fdf06a6f4e6d1d82b9825d8aea78a7122a50f2a71 0a081eebc511654216ae43920dd80118ec9f9ade72ef5466b4462b2d2c102f00
CLIENT_TRAFFIC_SECRET_0 f37df068d479612799da166fdf06a6f4e6d1d82b9825d8aea78a7122a50f2a71 6fe18b57e3fd8375c9c617af61e681a0a3c6da4609968bdaae6bb86a9c3a4473
SERVER_TRAFFIC_SECRET_0 f37df068d479612799da166fdf06a6f4e6d1d82b9825d8aea78a7122a50f2a71 fab1d299490ba9e3a1f2761c14120c6c3c8509bc0edf6a4a14e272487cc5807c
EXPORTER_SECRET f37df068d479612799da166fdf06a6f4e6d1d82b9825d8aea78a7122a50f2a71 e0ca6b52b881fbafd1c5af54e07a9e5b32db57881fbbeea5f2659fdcb85c8530
CLIENT_HANDSHAKE_TRAFFIC_SECRET d6b2fee8ce7f8816e5c7b44c383b5771a6b3369e00dba7f2b5f60ec2176082a7 60a077e9813d65cb809f714597857ba4e0f023fbfd9e7fcc9bad47cf325559b9
SERVER_HANDSHAKE_TRAFFIC_SECRET d6b2fee8ce7f8816e5c7b44c383b5771a6b3369e00dba7f2b5f60ec2176082a7 d2b7aeb024bc90a4e889e44556cd3d5eca5c8fc1dda9034d050b40ac9d4e5142
CLIENT_TRAFFIC_SECRET_0 d6b2fee8ce7f8816e5c7b44c383b5771a6b3369e00dba7f2b5f60ec2176082a7 1dd0a405102d1d3863d538672d385574da8eaecc3430a9ddc2171094723eb3e6
SERVER_TRAFFIC_SECRET_0 d6b2fee8ce7f8816e5c7b44c383b5771a6b3369e00dba7f2b5f60ec2176082a7 ce20126bce97e6818f7ed1ac2c6209dec911a02576196d316a833927aa002ff9
EXPORTER_SECRET d6b2fee8ce7f8816e5c7b44c383b5771a6b3369e00dba7f2b5f60ec2176082a7 01bd86c66e8aed3e4f24864fe3e2a29195d367438a6ff32511d8afc393cea440
CLIENT_HANDSHAKE_TRAFFIC_SECRET 1aab573f47c9e2385a3f87d3bd5accff331e6649c1c01cdecb9292513046a1d5 53ac300c5b3f73fbf1e56068220d19d9b5c95f699d69d7a5d69253155e95fe7f
SERVER_HANDSHAKE_TRAFFIC_SECRET 1aab573f47c9e2385a3f87d3bd5accff331e6649c1c01cdecb9292513046a1d5 a1cc2e993e2f8c56fc88a790584c3df1927011b8ae8f66b80376c78ac58ccba3
CLIENT_TRAFFIC_SECRET_0 1aab573f47c9e2385a3f87d3bd5accff331e6649c1c01cdecb9292513046a1d5 c88da01bda075aaa804472dafd6d89459336b64b24481f2094ad85347ec18066
SERVER_TRAFFIC_SECRET_0 1aab573f47c9e2385a3f87d3bd5accff331e6649c1c01cdecb9292513046a1d5 db8f8c950d6d0568a483cebf2e06423d502b8b06b5ced86f4f2558c08c0520bd
EXPORTER_SECRET 1aab573f47c9e2385a3f87d3bd5accff331e6649c1c01cdecb9292513046a1d5 254242c1e62abff6d9a829797f2bc1a5d827588ff8c5a63b31653126431511ee
CLIENT_HANDSHAKE_TRAFFIC_SECRET ec4386d9861b6917cb21bb507aaf9383d502282c4c22306acb0438138f41fa42 eab48df1d4dcfefc7337d116e8ac4e949f5ba511a05ef894925a18c76b4b3371
SERVER_HANDSHAKE_TRAFFIC_SECRET ec4386d9861b6917cb21bb507aaf9383d502282c4c22306acb0438138f41fa42 4be5682048f46bb08ae134c210368d6f7727b02086c10ee62aaff5ec344f60e3
CLIENT_TRAFFIC_SECRET_0 ec4386d9861b6917cb21bb507aaf9383d502282c4c22306acb0438138f41fa42 15e661ba3f24d94655457534ac5f4fcbf7d5368b8119859401604587a9afacb9
SERVER_TRAFFIC_SECRET_0 ec4386d9861b6917cb21bb507aaf9383d502282c4c22306acb0438138f41fa42 c53037ec6246c90ec0898cc5b1172731313d293685a924a0b764edc4b1f41f25
EXPORTER_SECRET ec4386d9861b6917cb21bb507aaf9383d502282c4c22306acb0438138f41fa42 ee9f33185e229218b028ca435bab751ec890cc482726c5fc53e7991049554558
CLIENT_HANDSHAKE_TRAFFIC_SECRET 3961b2be4e71a067ba3bb10a0a363cdaf332ec11ed0e7379ef6fc6d51bf58178 c1e67213aaebbfbb193cc323ea464118289629b62ed12a6e174408da32390474
SERVER_HANDSHAKE_TRAFFIC_SECRET 3961b2be4e71a067ba3bb10a0a363cdaf332ec11ed0e7379ef6fc6d51bf58178 acf782aeeac0a794940d3a0e0f744fb6176193d6fcffdd9b9132032c148f605a
CLIENT_TRAFFIC_SECRET_0 3961b2be4e71a067ba3bb10a0a363cdaf332ec11ed0e7379ef6fc6d51bf58178 e6bb0e982bb2bfa8ce08b8189b674dccc1bf3210bbe35d9b215d6a6e835aa09f
SERVER_TRAFFIC_SECRET_0 3961b2be4e71a067ba3bb10a0a363cdaf332ec11ed0e7379ef6fc6d51bf58178 f913d86a3bb57c337ac7a254d66e0492320c8cb8d1528106989cd1caf20c078f
EXPORTER_SECRET 3961b2be4e71a067ba3bb10a0a363cdaf332ec11ed0e7379ef6fc6d51bf58178 50bcff0c1c92650daac315021f9be39192113bf0508a1debc1344a4c8a27ec86
CLIENT_HANDSHAKE_TRAFFIC_SECRET 25ee1b02f3e64a78abab624782ff6b9b4f2e75ce063ca30d03405cd65e55192e c97253262efe1fe37ffddeab27aa2917da959505463f23233b4beb42f3242df6
SERVER_HANDSHAKE_TRAFFIC_SECRET 25ee1b02f3e64a78abab624782ff6b9b4f2e75ce063ca30d03405cd65e55192e b073863cc107c333492cb099bc560303b715446eb979783cc97c25dbd7f825d3
CLIENT_TRAFFIC_SECRET_0 25ee1b02f3e64a78abab624782ff6b9b4f2e75ce063ca30d03405cd65e55192e 0771063ece54f5adde19bd2d2d663563d2f685dc6adb03596d4089b258a0b713
SERVER_TRAFFIC_SECRET_0 25ee1b02f3e64a78abab624782ff6b9b4f2e75ce063ca30d03405cd65e55192e 485758e0a7302d1b0ff8a027779a190fd826ec07af53403ac45e090a4d4f27a0
EXPORTER_SECRET 25ee1b02f3e64a78abab624782ff6b9b4f2e75ce063ca30d03405cd65e55192e 42e42c72503faf9cd7e12d92eebefa88bfb1f19b1adf2b11ecae00f84187356a
CLIENT_HANDSHAKE_TRAFFIC_SECRET 1fdfd768597be49cc8032f965b50ec98a5685affaf9810784d769e178916175e cf238f626375d9909596e5674a1de7fa5da8921565dc5507fd8f8a09642352f475bc2b7c8cb5f56394027eac3bee5030
SERVER_HANDSHAKE_TRAFFIC_SECRET 1fdfd768597be49cc8032f965b50ec98a5685affaf9810784d769e178916175e 32501c5f76254e8760cb5d7efb7aa2bc5123d650237c5058320bcca63aa2cf879ceade138251678c0acd1b78c66bb04b
CLIENT_TRAFFIC_SECRET_0 1fdfd768597be49cc8032f965b50ec98a5685affaf9810784d769e178916175e 0e1a356433210cfe1fcf38e7e4e7d3cf17b1665a935dd2445db97c8c5211388cd72894361a0e8ad3a7cb6b1f510bbaeb
SERVER_TRAFFIC_SECRET_0 1fdfd768597be49cc8032f965b50ec98a5685affaf9810784d769e178916175e 552dd7a6811d7b7a18938f7eb4d32f62e63e004502c643e2a463fb65049865b872cbf91477d7fd2ac83f2b7620c5f3fa
EXPORTER_SECRET 1fdfd768597be49cc8032f965b50ec98a5685affaf9810784d769e178916175e a346b1c657376aceda001b4d2eddef11603df04eff58f6b4270fda0d8dab4d5d898b453441c0fb330c6648ddb584a79e
CLIENT_HANDSHAKE_TRAFFIC_SECRET 9fdea9d39b8cda8452858e83a8999ddabb0d727336b23b54b0ed05b8de378132 c216e51ffa035506bfd20f0b4ccc1d32a6b76f907e6b5f92b6e434cc61ba58dc4cf86ed83e01b8abcfa1a773cb533b43
SERVER_HANDSHAKE_TRAFFIC_SECRET 9fdea9d39b8cda8452858e83a8999ddabb0d727336b23b54b0ed05b8de378132 d5f790723547646e76cb98d5bc9153dfb99edfe2f7af68ee740d9a1511b6bceaf576d44bff8f5ccced14cf839f75aa28
CLIENT_TRAFFIC_SECRET_0 9fdea9d39b8cda8452858e83a8999ddabb0d727336b23b54b0ed05b8de378132 3fb600f54a299596b553efd2484d17ad9e280bc3aa8168bd11288802b21091c90501f4488aeac085ec0b2ca54cf2e313
SERVER_TRAFFIC_SECRET_0 9fdea9d39b8cda8452858e83a8999ddabb0d727336b23b54b0ed05b8de378132 b000627c591d74239e3b360a53e750a2b97702aeee311215001b4758aaf85f8722b548c1aa6156b018650221421ddb69
EXPORTER_SECRET 9fdea9d39b8cda8452858e83a8999ddabb0d727336b23b54b0ed05b8de378132 324a1aea5643c4493fc7eda6b21c1f045f70e45a18c68951fa6b33e86cd55dfd2167e7fca196ce848540a5241d636060
CLIENT_HANDSHAKE_TRAFFIC_SECRET f10b0a87202935fac9eec2e57ca9742cd82fc14ff6539b86f0eae00d778fd358 0bb0acf916e1ea812b2a7fc4cf5b21fb88b8213ba5d8329d3e6c68436994b67f
SERVER_HANDSHAKE_TRAFFIC_SECRET f10b0a87202935fac9eec2e57ca9742cd82fc14ff6539b86f0eae00d778fd358 81478db397b848289f7e25b302e05371b10b5a5a5d0592a7b7032616ebd6b602
CLIENT_TRAFFIC_SECRET_0 f10b0a87202935fac9eec2e57ca9742cd82fc14ff6539b86f0eae00d778fd358 80053419aeb29c96a8cce7774cd57cb4a6a3e312f00704719a27dd0f01b34641
SERVER_TRAFFIC_SECRET_0 f10b0a87202935fac9eec2e57ca9742cd82fc14ff6539b86f0eae00d778fd358 a27a10148c5d6a14bf8858cc6caa43bb55ec9a91f2dd1fbfe48992250fc244cf
EXPORTER_SECRET f10b0a87202935fac9eec2e57ca9742cd82fc14ff6539b86f0eae00d778fd358 8b3247aa1ed8deeafdcc0759905b20c80bb03936bfd41876748b1fa362135842
CLIENT_HANDSHAKE_TRAFFIC_SECRET 79f672a974e95e15830e7c55c1a2812078305a9cfd3261daceb4d55fdcb44dbb 215bb95bac645221bdc0c49cb466db24005a76d9cc9f14a266b93ef9f80a1d8d
SERVER_HANDSHAKE_TRAFFIC_SECRET 79f672a974e95e15830e7c55c1a2812078305a9cfd3261daceb4d55fdcb44dbb dab238dc5920be0bce2595aabc6dd22c999ebce7db5507214cf7eeb6b3be352c
CLIENT_TRAFFIC_SECRET_0 79f672a974e95e15830e7c55c1a2812078305a9cfd3261daceb4d55fdcb44dbb 31c9d83ba45cc8f704d3d6397315098638026d4bed37f1e63c4f583902082554
SERVER_TRAFFIC_SECRET_0 79f672a974e95e15830e7c55c1a2812078305a9cfd3261daceb4d55fdcb44dbb 6818789b13c1f3be5c0bb7901372271831f24b99a59370ead8f8ad57f8676db5
EXPORTER_SECRET 79f672a974e95e15830e7c55c1a2812078305a9cfd3261daceb4d55fdcb44dbb a4512373d11eb15ce472946fc6379eae0b49e347906cf89ab3af8342b504f773
CLIENT_HANDSHAKE_TRAFFIC_SECRET 6edfa994205576b1254858e9b29c1ab34fd0333a89fc92780254fa32322d5a4e 415a0b0c0c918db6cc5140377bebd03b17dc73d4b25b58f70bd77b0a747aa955
SERVER_HANDSHAKE_TRAFFIC_SECRET 6edfa994205576b1254858e9b29c1ab34fd0333a89fc92780254fa32322d5a4e 4c0a37009ccff06a55268b067e838db1d08582ea81e370c496ade1885190f7c3
CLIENT_TRAFFIC_SECRET_0 6edfa994205576b1254858e9b29c1ab34fd0333a89fc92780254fa32322d5a4e 236e8e3dcaaaee2481f031c00ae55d1324a9d4c1ddc552155ad4876d5c1b8f1f
SERVER_TRAFFIC_SECRET_0 6edfa994205576b1254858e9b29c1ab34fd0333a89fc92780254fa32322d5a4e ad84efd0c75e205810cd2e0cfb71c8dc8ba8b165ccba76b246b675c862dbb717
EXPORTER_SECRET 6edfa994205576b1254858e9b29c1ab34fd0333a89fc92780254fa32322d5a4e e13494bbda56c3926d48b4fc7a3feab54249a0c7f5d35403e0a9b9f971735568
CLIENT_HANDSHAKE_TRAFFIC_SECRET ba316c1f4d0618df25a3d7f7948c58a265ad8d6e2209bb5de5d021a4dd7ce623 99472b4f68cadc56e752a6e8db0e94e58d60698286cae535e66af7c7e6c66c45
SERVER_HANDSHAKE_TRAFFIC_SECRET ba316c1f4d0618df25a3d7f7948c58a265ad8d6e2209bb5de5d021a4dd7ce623 1bbc683c4a1db00c46ef7507bb2078bb13cae0bef4581501778975f223e2ac61
CLIENT_TRAFFIC_SECRET_0 ba316c1f4d0618df25a3d7f7948c58a265ad8d6e2209bb5de5d021a4dd7ce623 e741741bbbcecbf75193b7c85654c1c865693e42978b651f31f22b9900b2b281
SERVER_TRAFFIC_SECRET_0 ba316c1f4d0618df25a3d7f7948c58a265ad8d6e2209bb5de5d021a4dd7ce623 8d0315b4ebe06136767b002c36830df9727269068c5e7d9730fca515b634e5c8
EXPORTER_SECRET ba316c1f4d0618df25a3d7f7948c58a265ad8d6e2209bb5de5d021a4dd7ce623 5044f204e71dcc9a6f90e1c8368c66fc68070bf67ba2f7245bab16788c6e8747
CLIENT_HANDSHAKE_TRAFFIC_SECRET bd77c9aa75e6b5638ee21af4cfe092f46583c8eb4304fecdcb4a76b79e33be14 9b27037e4257a335e81296e0047a2e01a5290e3c56e2d123a3f33f0f3588234e753c27d2c2bbf163ec65c0a9f2d82d25
SERVER_HANDSHAKE_TRAFFIC_SECRET bd77c9aa75e6b5638ee21af4cfe092f46583c8eb4304fecdcb4a76b79e33be14 ba49e8525684ca08d1e73d52aa72b0e1404e60d3fbac0103a67ae1d5f2097557683b9e3e776b1c2eedf1a66c2bd43a62
CLIENT_TRAFFIC_SECRET_0 bd77c9aa75e6b5638ee21af4cfe092f46583c8eb4304fecdcb4a76b79e33be14 c57dff3807fbbbe495d5c82bd224f092744009d3f15f8047da5b3d9bcbc17727633db0a906b5ea509c9b2ef6e19a0c46
SERVER_TRAFFIC_SECRET_0 bd77c9aa75e6b5638ee21af4cfe092f46583c8eb4304fecdcb4a76b79e33be14 9e39efdd8336111e804173fd26340fe372eee33f65821648ffca36190a999702c2306d644974381850a876476d11aced
EXPORTER_SECRET bd77c9aa75e6b5638ee21af4cfe092f46583c8eb4304fecdcb4a76b79e33be14 a41c65dc997ad7a33bcd711959f01cd9e76ddd08b4993821298081f355e193e425d6c40c0be6bdb80e56459c4f57d9f1
CLIENT_HANDSHAKE_TRAFFIC_SECRET 7bb8a180fd6b53d660e6138a1edb11e3296d7f20b732879b99d2df6b4685dded 05795b5491399d1e8ee04bc640c1071e71521e9829092be0f8052976aa6d72f64da45645676c86ce6f8780db4e101145
SERVER_HANDSHAKE_TRAFFIC_SECRET 7bb8a180fd6b53d660e6138a1edb11e3296d7f20b732879b99d2df6b4685dded c42cfa29d9d252135e831641e750009230c64f718dc56295b5f6a0dd3f8b2576b66685ee06a9ffbd5ca7f9855087fd83
CLIENT_TRAFFIC_SECRET_0 7bb8a180fd6b53d660e6138a1edb11e3296d7f20b732879b99d2df6b4685dded 26fa66b84be4ce552d408cd1f64ca42e4a82e64337342688f6f8c7d0ede3ccae59cb0d9e19e64106172cc75bb4a0ba00
SERVER_TRAFFIC_SECRET_0 7bb8a180fd6b53d660e6138a1edb11e3296d7f20b732879b99d2df6b4685dded b8828852a396f88e709aef4ac9971404c23d075bd337e3a1609e1b30ab0901240d0a19e0a01df711093a66d7561e4538
EXPORTER_SECRET 7bb8a180fd6b53d660e6138a1edb11e3296d7f20b732879b99d2df6b4685dded 0ddaf9ed3555e38d199c3ef9e03e402bfbb6b91291156ce7a1eb6303b4dfb86bc9a2b966d26b3a72771aea765753cb74
CLIENT_HANDSHAKE_TRAFFIC_SECRET ccac6b660a0119fbb3144c4089b381cb68f3b994d71c5bcd0c30c44629d3cb63 b80805404364423bbcaa37c8de7593c9cc455e518ce4f904d7c861a4bb87451240e41cee7a8f9aa9bf7d35dccafc0ea1
SERVER_HANDSHAKE_TRAFFIC_SECRET ccac6b660a0119fbb3144c4089b381cb68f3b994d71c5bcd0c30c44629d3cb63 ba5d6af90b11ac56904ba4424a61edd8615ff180ae322eee1d704a554a3d6d5b02533bdfe7d5d5c844475970db69e73f
CLIENT_TRAFFIC_SECRET_0 ccac6b660a0119fbb3144c4089b381cb68f3b994d71c5bcd0c30c44629d3cb63 390d3d23e5661b94cedb6fda094f98ee4285a7905fda217112f98cd5ac649aaba79848329d27b1a37e299900e24a0981
SERVER_TRAFFIC_SECRET_0 ccac6b660a0119fbb3144c4089b381cb68f3b994d71c5bcd0c30c44629d3cb63 3377bee57d31974f6cdd5d5d21f87c14b89a1b4eb06d4577450f53d374854b5f2aecbedb3f6dd7a6a19cf3d42f6dc28d
EXPORTER_SECRET ccac6b660a0119fbb3144c4089b381cb68f3b994d71c5bcd0c30c44629d3cb63 e4d706a238eeb1c627d450b12565978497c20190c8355660dc9a2cb47e6b8076af158a3009a583da55c44ca63cedc267
CLIENT_HANDSHAKE_TRAFFIC_SECRET e00383c194a55956f2cea252c378b5e341155a5a13cda915498e7afbae5d0aaf 03da4741830946d896bad5588129932ff31c6aa242f3579424fd0990f5af7ddcc348937a8f4049dc7658fea0d65b2012
SERVER_HANDSHAKE_TRAFFIC_SECRET e00383c194a55956f2cea252c378b5e341155a5a13cda915498e7afbae5d0aaf d2014a9c5f5f0c07632d7ccf708bddb759cb7f2cf3575ab9aef9895109331e338611df2379c62d51c613b32a352ad801
CLIENT_TRAFFIC_SECRET_0 e00383c194a55956f2cea252c378b5e341155a5a13cda915498e7afbae5d0aaf ddd0e9f5e0d65e5f052cab152624aae0386c3e20c0c1ecc9df20485489b0f56363d810bffe49d319f7e5204f23cda5de
SERVER_TRAFFIC_SECRET_0 e00383c194a55956f2cea252c378b5e341155a5a13cda915498e7afbae5d0aaf dcc2bd445bec0ed746c3135f5dab9dcda9421e46c8485902cda102c1875bfbd3a249f585705fbd35ddd940b36bed5c2d
EXPORTER_SECRET e00383c194a55956f2cea252c378b5e341155a5a13cda915498e7afbae5d0aaf 54d72b74d5217ea9881ebd8960815655f2b38e82bca3f9343c9f518f4e5229f423f863c5f0ef8e19155c2088aa9c7df4
CLIENT_HANDSHAKE_TRAFFIC_SECRET 7dc59147f1d7376049cbe6d514ccd05e1b1dadec15f43df8f8a89dbfdb43aa28 62716f1fcc2305c5b34c6f6b15e59e77c4a46cfca810ace8e4b37d294ca31a6de4371d502d34b52525168863292a1a27
SERVER_HANDSHAKE_TRAFFIC_SECRET 7dc59147f1d7376049cbe6d514ccd05e1b1dadec15f43df8f8a89dbfdb43aa28 dfef0e97cf5cbdd37deaf1b2d4026b8acefe64d42db2129bb38a7b570afd793eb46ddad4d0b016d48a15a837479d27a4
CLIENT_TRAFFIC_SECRET_0 7dc59147f1d7376049cbe6d514ccd05e1b1dadec15f43df8f8a89dbfdb43aa28 19019d47876c3054d47cb30526cf79df94527b24d79b0a57cc144c2536fccd2c870995c7a877951602447e8c599ebe29
SERVER_TRAFFIC_SECRET_0 7dc59147f1d7376049cbe6d514ccd05e1b1dadec15f43df8f8a89dbfdb43aa28 43aab13780fa81baac5eba05ec226da31caaf462a1e5d7e7d9e09d17e25d1f7953947c022e480434be5f720600cfb021
EXPORTER_SECRET 7dc59147f1d7376049cbe6d514ccd05e1b1dadec15f43df8f8a89dbfdb43aa28 50e6d4872b6dd12e136a775e269a7fdfa42b030695e261c1b8512bca7eaa28ec709bdbfd97a30df88abef20b263c1f4e
CLIENT_HANDSHAKE_TRAFFIC_SECRET e8de6a1872ac1ad1cfdad646da6434f24f2c5f79804d80094707f4b765c978f5 e8c7a4e1bba98c65994e8bb4695809957aa078d5f939e6ce689ff75ab8d1ba2a
SERVER_HANDSHAKE_TRAFFIC_SECRET e8de6a1872ac1ad1cfdad646da6434f24f2c5f79804d80094707f4b765c978f5 1d6712466906d267972accd800ca3ed356cddde98012ec988e63a8597c48ea62
CLIENT_TRAFFIC_SECRET_0 e8de6a1872ac1ad1cfdad646da6434f24f2c5f79804d80094707f4b765c978f5 2297db04f71bb0da95e6885f20c7925637ab1f25b162303569faaee207cdf3c3
SERVER_TRAFFIC_SECRET_0 e8de6a1872ac1ad1cfdad646da6434f24f2c5f79804d80094707f4b765c978f5 47c507e3b155c644d72c93991bc1b6e0aa9d6215f2775d728f4c637e4709aca9
EXPORTER_SECRET e8de6a1872ac1ad1cfdad646da6434f24f2c5f79804d80094707f4b765c978f5 02e48b0079e1030462507b14875e3ff660b876f86af870adb4102200d782b948
CLIENT_HANDSHAKE_TRAFFIC_SECRET dad68fc3139f640a1c54de73865bdc57006b6b4737b663197000fc2c7239568d 5ca4fdfe385393ad17041c42dc950bbf6d36012090cbd7c629f831c8b549ec8e
SERVER_HANDSHAKE_TRAFFIC_SECRET dad68fc3139f640a1c54de73865bdc57006b6b4737b663197000fc2c7239568d b98126916bc059789e6d5c37903c0fb67f49209f7bcd932014c0d7d1d3dc1fde
CLIENT_TRAFFIC_SECRET_0 dad68fc3139f640a1c54de73865bdc57006b6b4737b663197000fc2c7239568d 901f4351c8367a4940616ab764b6947f7a1d79136896538d54e6c2eb4698ad37
SERVER_TRAFFIC_SECRET_0 dad68fc3139f640a1c54de73865bdc57006b6b4737b663197000fc2c7239568d 81855ba7cab6b49a1fdc17e8fd08cacfdaa468c7cceb2aecae218c33a76f2536
EXPORTER_SECRET dad68fc3139f640a1c54de73865bdc57006b6b4737b663197000fc2c7239568d 9ec7e5a317abc9b14e2d1b492c729dcf44c4073c7c0fda0ce0f46fa71270fcd8
CLIENT_HANDSHAKE_TRAFFIC_SECRET 81d8ea934601f2e44dfeb21322599cf9706543ad57763947ac17e7c2a9f617f9 ae692e0f4d615e049ab87d592ebed4b00e0470a9e753628a90367adf658eaf12
SERVER_HANDSHAKE_TRAFFIC_SECRET 81d8ea934601f2e44dfeb21322599cf9706543ad57763947ac17e7c2a9f617f9 e0f6b6e20fd74661e5d4587541712c1caad598607986ccf367df738260b36750
CLIENT_TRAFFIC_SECRET_0 81d8ea934601f2e44dfeb21322599cf9706543ad57763947ac17e7c2a9f617f9 72c960351e74b6c0e1304f94b587051ebb89d540e73e0ec021242ab92ea44754
SERVER_TRAFFIC_SECRET_0 81d8ea934601f2e44dfeb21322599cf9706543ad57763947ac17e7c2a9f617f9 f188e88251e286f91ab2bd0078725e89f0c70497af6775ebdf15405611baf78b
EXPORTER_SECRET 81d8ea934601f2e44dfeb21322599cf9706543ad57763947ac17e7c2a9f617f9 7708f230dfddf60d9b86940c9864e2d5faefa5cc57ecfa4dfc2afd3542d27ed3
CLIENT_HANDSHAKE_TRAFFIC_SECRET 0d5087600679af1ed307d82a01fb3179799555d01b89d3e3124866e018067dc5 b6d6e4903ffb61c7a2044eb23a6df22dbd12734a6964ce6ef3c7c268067323f7
SERVER_HANDSHAKE_TRAFFIC_SECRET 0d5087600679af1ed307d82a01fb3179799555d01b89d3e3124866e018067dc5 438fe06ab536a697d5d96614fb850f86405a48db8f8f22157f2dba097c7507f8
CLIENT_TRAFFIC_SECRET_0 0d5087600679af1ed307d82a01fb3179799555d01b89d3e3124866e018067dc5 a7cd802de4cdd6d62bca9c167ecf35d0f2a2c8df79c35b7b50859ad53e44e96f
SERVER_TRAFFIC_SECRET_0 0d5087600679af1ed307d82a01fb3179799555d01b89d3e3124866e018067dc5 fc413eb213c513dede8d36b030821e5c7a0b75e6f48177a9293bf9af87c9cb93
EXPORTER_SECRET 0d5087600679af1ed307d82a01fb3179799555d01b89d3e3124866e018067dc5 16770e8a38d6a7ac54033e7ecfd2558d7cb6150103a32b657202d275e740a822
CLIENT_HANDSHAKE_TRAFFIC_SECRET 9ceb3e89ba9f4eacd810e630f8b3d4f62c01a9a54d2ceaefa99a1e1b367f3bc7 c7f05454ca84f71c2bd23683e2d745d2f3e51cada51e431e292e6054810c9fe0
SERVER_HANDSHAKE_TRAFFIC_SECRET 9ceb3e89ba9f4eacd810e630f8b3d4f62c01a9a54d2ceaefa99a1e1b367f3bc7 66de43c5403c9fc547ffbf78ab4437137c2489f6c40a6c3fdda96b42b12aab9e
CLIENT_TRAFFIC_SECRET_0 9ceb3e89ba9f4eacd810e630f8b3d4f62c01a9a54d2ceaefa99a1e1b367f3bc7 9f30b39341e4b0a9d1e8b235766c35b47ef24c901a42021ff973080dca17eeb2
SERVER_TRAFFIC_SECRET_0 9ceb3e89ba9f4eacd810e630f8b3d4f62c01a9a54d2ceaefa99a1e1b367f3bc7 70ffdc0fb28ec73962ddfad7fde6c55a4513dcca32849b3c52e57f161d4217c8
EXPORTER_SECRET 9ceb3e89ba9f4eacd810e630f8b3d4f62c01a9a54d2ceaefa99a1e1b367f3bc7 0996d1b10f3823b50df0e4f26cd5ed23600ed9b51de949d2b257b1acd0c83aae
CLIENT_HANDSHAKE_TRAFFIC_SECRET ed016939aa0636a3a9ee6a187848f7e2e36e6442e6d25cfe295606999a367807 8ebc91ced222cb28cce67c38c6d4404de3de6fb96d352ed97c2e37d212233c7e
SERVER_HANDSHAKE_TRAFFIC_SECRET ed016939aa0636a3a9ee6a187848f7e2e36e6442e6d25cfe295606999a367807 3094b6c7238b86d716ec9a1aa873867e19aae7561f1d72aa8c8bf7ea1eca916e
CLIENT_TRAFFIC_SECRET_0 ed016939aa0636a3a9ee6a187848f7e2e36e6442e6d25cfe295606999a367807 b17801591250c1b2f5e3bbf8a7f6d48c63933f076169dbf084f857b8d95823ac
SERVER_TRAFFIC_SECRET_0 ed016939aa0636a3a9ee6a187848f7e2e36e6442e6d25cfe295606999a367807 6cbf8d96773d71a04d5ac6d58da42e66623d6164e7ebde33d3b1e673b17e4191
EXPORTER_SECRET ed016939aa0636a3a9ee6a187848f7e2e36e6442e6d25cfe295606999a367807 e043f73ed6b7c39eb4bdf38d3a3cf07a8bb937118b1cce50af7dabf81876f9c7
CLIENT_HANDSHAKE_TRAFFIC_SECRET 4138e6a70c8316d9290e7896f33f7a12753b6985f60624d25aa41310c3ca8bca 58633ca1218b81259669e276d8016272b995ef23986a95ddf60cbc0de0589106bff528f9f82e860836fc70b71730a173
SERVER_HANDSHAKE_TRAFFIC_SECRET 4138e6a70c8316d9290e7896f33f7a12753b6985f60624d25aa41310c3ca8bca 4fbfc16b050a233c7d94364620cc6390c44aa4a84ce5103d61cb655344b024ac29e605df618edbf404339670798b1d6e
CLIENT_TRAFFIC_SECRET_0 4138e6a70c8316d9290e7896f33f7a12753b6985f60624d25aa41310c3ca8bca 2929c58d3c73d1f5313702658c51fd393a9e259f8fdaf3bcd94a92d05d2eeb68e0faf5a78f2c87dc182648ae40848a46
SERVER_TRAFFIC_SECRET_0 4138e6a70c8316d9290e7896f33f7a12753b6985f60624d25aa41310c3ca8bca 80d48a98744085a2f06b2bb3efa2785acd57bcc7c4ad7ad50705fa7a5fb415a1c369fd7dd9b1720b5733682950ac678e
EXPORTER_SECRET 4138e6a70c8316d9290e7896f33f7a12753b6985f60624d25aa41310c3ca8bca a2b7cae6a27f7f7ab40e490d84b6bc03f7598723df4c58c8e186a7301dc84557ff02243238d756c3635823bdce39b49e
CLIENT_HANDSHAKE_TRAFFIC_SECRET 9a7dbecfac1ba62e8d3e28622c94ba7094f57831278cc5f34be9aa59c53a779a 7e0d8fda103b0dd69e39e9aa6f54b72c0dc5e6c67111c673ca40187c61c4ae00dcbb8db120af0f3dd3a9cfae94ae171c
SERVER_HANDSHAKE_TRAFFIC_SECRET 9a7dbecfac1ba62e8d3e28622c94ba7094f57831278cc5f34be9aa59c53a779a ac580f97cefdd93efd19d94bccde7f3e4f6b1570c30e20babc3ad77cbdf1769edf2a1c4635d93785e0f4eac53ef6e779
CLIENT_TRAFFIC_SECRET_0 9a7dbecfac1ba62e8d3e28622c94ba7094f57831278cc5f34be9aa59c53a779a f4fb49a3ece027d895397581bdf752437d9aa1b893a2a909c5134c54df77943722e22746329b0c33259e5fb48ac89db4
SERVER_TRAFFIC_SECRET_0 9a7dbecfac1ba62e8d3e28622c94ba7094f57831278cc5f34be9aa59c53a779a 4eb4213f8b1116ed144238a4c64c21a1b11e902766048c0375f28fe728cd3c05940e1e4c5735af117fd71748b652b951
EXPORTER_SECRET 9a7dbecfac1ba62e8d3e28622c94ba7094f57831278cc5f34be9aa59c53a779a 5793302a6615faa7996fbcb004d7b304fa8139af797bf0e1d322d1ce3b579df97c6ab888b8202a32ae1884d4ea1cce7f
CLIENT_EARLY_TRAFFIC_SECRET d4094de06869bae23213680fa51608c09ac55bcbe95971efbe96d7cfde96c183 449b3aa726e81cbde315053d87cebad05cc55c198b771c91c8f5f9f62657b304
CLIENT_HANDSHAKE_TRAFFIC_SECRET d4094de06869bae23213680fa51608c09ac55bcbe95971efbe96d7cfde96c183 aa0054ebbb07c890bc28f24126b0d40fefcb612d96297b49b2eb6687572e56a4
SERVER_HANDSHAKE_TRAFFIC_SECRET d4094de06869bae23213680fa51608c09ac55bcbe95971efbe96d7cfde96c183 394bac8989abe96a6cfe44ade64e25e2e545750e2e7befa76f4c14660fec8129
CLIENT_TRAFFIC_SECRET_0 d4094de06869bae23213680fa51608c09ac55bcbe95971efbe96d7cfde96c183 fdc3f651e5418998ee84a3e77ec2aebf6b6bde747dd5989d2b9db1a8a69a479c
SERVER_TRAFFIC_SECRET_0 d4094de06869bae23213680fa51608c09ac55bcbe95971efbe96d7cfde96c183 55f74b91ed1f877692fffe6b24c2afca30218e2a1a902e43cf54bfb2e3bfe624
EXPORTER_SECRET d4094de06869bae23213680fa51608c09ac55bcbe95971efbe96d7cfde96c183 81f467bb8dd6b5285f297783374aca62a63d7d7ce00cde39296057e72675ecb2
CLIENT_HANDSHAKE_TRAFFIC_SECRET e561cdacaaa74985a43d81deb37b8288d0294a31647541a9840f0210661348cb 695619bd2ab81f37611e483257b9d3db8a237fe830bcf922ad7a79b5576e579d
SERVER_HANDSHAKE_TRAFFIC_SECRET e561cdacaaa74985a43d81deb37b8288d0294a31647541a9840f0210661348cb 22b9a30bac916ba5e09a95ec4073c9a6577e16ce2d20f91d1e834046d8695572
CLIENT_TRAFFIC_SECRET_0 e561cdacaaa74985a43d81deb37b8288d0294a31647541a9840f0210661348cb 974f22c49c39de6deed2d7344c90aa4aa39fcd9d73094566dce2907db1128bc4
SERVER_TRAFFIC_SECRET_0 e561cdacaaa74985a43d81deb37b8288d0294a31647541a9840f0210661348cb fce528070608795a11606f813a70cb4ca3a222379aa34c7ef53e64a944b5c9e6
EXPORTER_SECRET e561cdacaaa74985a43d81deb37b8288d0294a31647541a9840f0210661348cb ba2a71cd593a6a3535c6b8925d281b886f54d50a57ddd101c05e01baee1a78a3
CLIENT_HANDSHAKE_TRAFFIC_SECRET a482bdf27092576ea620fda944d160911271c88270c0a5088ca8d73f4f3ac2d9 a1f2010f70344d4d1843099ca2a60e2fabeea07ba8b1fadfa32a6bcf8455c2f5
SERVER_HANDSHAKE_TRAFFIC_SECRET a482bdf27092576ea620fda944d160911271c88270c0a5088ca8d73f4f3ac2d9 e90fd672442d41d143d5625ae0868f7d4c563c649fb57068b96ab9b5e65fdf8c
CLIENT_TRAFFIC_SECRET_0 a482bdf27092576ea620fda944d160911271c88270c0a5088ca8d73f4f3ac2d9 90f76a45fbc19fd002143e42fbec77a1e2ecf6040beb2eab37c8a8a914819421
SERVER_TRAFFIC_SECRET_0 a482bdf27092576ea620fda944d160911271c88270c0a5088ca8d73f4f3ac2d9 28e4ab1aaba8cecdf26849a21a0df5911f273a654eccd92c9e2c339ade1caf25
EXPORTER_SECRET a482bdf27092576ea620fda944d160911271c88270c0a5088ca8d73f4f3ac2d9 71f739ebba7ef9968bcae2e76fd164da0b81aa6bd78c9f7e8df263267d218382
CLIENT_HANDSHAKE_TRAFFIC_SECRET a707f3e5d4d067f169e1148afa54bfbf58fec28d568de7b2bb3cff20c6bd05cb 82bf279fe6e6f6e49c59dab5eb44d305198347abd4aee9b6dc2597a0bc4ecbbb
SERVER_HANDSHAKE_TRAFFIC_SECRET a707f3e5d4d067f169e1148afa54bfbf58fec28d568de7b2bb3cff20c6bd05cb 58f516e0d69181238a1922995203620a569d32462f89a94dc81028e794044e90
CLIENT_TRAFFIC_SECRET_0 a707f3e5d4d067f169e1148afa54bfbf58fec28d568de7b2bb3cff20c6bd05cb 591ab3491324f8601388fb6b5250ac53f9d46f73a880bf32bbce64d7459880bf
SERVER_TRAFFIC_SECRET_0 a707f3e5d4d067f169e1148afa54bfbf58fec28d568de7b2bb3cff20c6bd05cb 46ec3f57e00a5d2a199b9df44debf3ea32886994b9ea937294ff14e4db57b6cb
EXPORTER_SECRET a707f3e5d4d067f169e1148afa54bfbf58fec28d568de7b2bb3cff20c6bd05cb 51e69c5dcc7fe863f1841ce2de28f39346bbf062214afbc19ebfa4ead81c886e
CLIENT_HANDSHAKE_TRAFFIC_SECRET f23007feb7526c64e141e0821ff1b1a4a18aec7b9d4fee06ad310bbc87afcca0 e55e3bfafd1f1134bb1a29c1d961613d6af0bdcda72d3865a7945f100e119a38
SERVER_HANDSHAKE_TRAFFIC_SECRET f23007feb7526c64e141e0821ff1b1a4a18aec7b9d4fee06ad310bbc87afcca0 c9b3f7f7ec9b1c9b306492ede24300e8aacfc493b6b5681c9c1ae4df804af87b
CLIENT_TRAFFIC_SECRET_0 f23007feb7526c64e141e0821ff1b1a4a18aec7b9d4fee06ad310bbc87afcca0 331d22a911ae7fd89e4fe7d13572e6c09d89e3cd1610fe3c134f2243e5bdcc7d
SERVER_TRAFFIC_SECRET_0 f23007feb7526c64e141e0821ff1b1a4a18aec7b9d4fee06ad310bbc87afcca0 e7fcc453700b6abec368daf7cfd84d17ff5dd01ecedc09e8af7d683e175c2313
EXPORTER_SECRET f23007feb7526c64e141e0821ff1b1a4a18aec7b9d4fee06ad310bbc87afcca0 2f20f62defa75c715aeef043e9669f8c22c6ae797540d3483643a915eda180f6
CLIENT_HANDSHAKE_TRAFFIC_SECRET ce60344bb474af3e9cf5e6f1987a05daeb1c49369e6a759807429ae9d70aaf28 020cc515637242b5c3d52ca5b76d8881b0c6e2380c4567d9aa9ef716c28469e4
SERVER_HANDSHAKE_TRAFFIC_SECRET ce60344bb474af3e9cf5e6f1987a05daeb1c49369e6a759807429ae9d70aaf28 751530fa213c14df9ed99ceb975a7fa42a5ae72f953119aa48b37701ff24ffc0
CLIENT_TRAFFIC_SECRET_0 ce60344bb474af3e9cf5e6f1987a05daeb1c49369e6a759807429ae9d70aaf28 f4ff7ea138a7c669ceded7240bb5fe131cf3da55692f27bfa50525d33f183b4b
SERVER_TRAFFIC_SECRET_0 ce60344bb474af3e9cf5e6f1987a05daeb1c49369e6a759807429ae9d70aaf28 5ed4e1d281c5aaca6d939c6cf30778f6bbe5f04a1ad0f258767ab398eaccab29
EXPORTER_SECRET ce60344bb474af3e9cf5e6f1987a05daeb1c49369e6a759807429ae9d70aaf28 200ba982f6925e1c6edc78684e1e851b54c1931ff395b6940dc3ba4b0b5eee87
CLIENT_HANDSHAKE_TRAFFIC_SECRET d27f8c838d38ee403c3fdf687400d0b16b4a7e08fc70f2b6a6a080d048b77318 8f1e0f2015efbce2091295f2b6f9e9afd4ae3538c4fc3931f8d09a709e0c3b54
SERVER_HANDSHAKE_TRAFFIC_SECRET d27f8c838d38ee403c3fdf687400d0b16b4a7e08fc70f2b6a6a080d048b77318 52e3b5d18130f4b4da4fe9cd6d6ae29d66668f42ecee416fd9bfffc4f8f5ef37
CLIENT_TRAFFIC_SECRET_0 d27f8c838d38ee403c3fdf687400d0b16b4a7e08fc70f2b6a6a080d048b77318 082d3ccb43f92ba0eca931bc8e0def4598919b06d97f319ae8359282b22833e2
SERVER_TRAFFIC_SECRET_0 d27f8c838d38ee403c3fdf687400d0b16b4a7e08fc70f2b6a6a080d048b77318 444f3631b69d31c694e76e53cea7d77be4c7a257c6ffadab6673493ad016723f
EXPORTER_SECRET d27f8c838d38ee403c3fdf687400d0b16b4a7e08fc70f2b6a6a080d048b77318 c7c52d9f337e9482bebd1422f71544d2484589050ce65129f9ede507cd122237
CLIENT_HANDSHAKE_TRAFFIC_SECRET f32ad30285d99dea3a5f2649e8a6a763d9992ac88b3ceca3619e155440d44535 361388b77eadee46fab673a9756f1977a7c130216fc2672d750108210dc9651a
SERVER_HANDSHAKE_TRAFFIC_SECRET f32ad30285d99dea3a5f2649e8a6a763d9992ac88b3ceca3619e155440d44535 85a25504c7fbbcf9fb4b365f9a353f16b45d25111d8d99813e7444ab685f829f
CLIENT_TRAFFIC_SECRET_0 f32ad30285d99dea3a5f2649e8a6a763d9992ac88b3ceca3619e155440d44535 44103622d70ba2a20eba7927ef1e957d0a7804bc0100b87724dfd0798087eceb
SERVER_TRAFFIC_SECRET_0 f32ad30285d99dea3a5f2649e8a6a763d9992ac88b3ceca3619e155440d44535 753652a4a62d0b90022b6a1123d915721a02d8aae36823f506227ac786101b80
EXPORTER_SECRET f32ad30285d99dea3a5f2649e8a6a763d9992ac88b3ceca3619e155440d44535 a8b9570a66c37b74bc992974402a67c595dc57f71c37fe9af32385f87c86f233
CLIENT_HANDSHAKE_TRAFFIC_SECRET 001d3082fb36fee88966aa6b27a27a62edac7e43d811663a4e6671781828a78f 0dcfe2fcd70692a820d1e0e4f46d0f2b0f7417735f11076dfc2f21417d776593
SERVER_HANDSHAKE_TRAFFIC_SECRET 001d3082fb36fee88966aa6b27a27a62edac7e43d811663a4e6671781828a78f bf3e5d096ae21dc36f7c46eb89c7a1da04cebcfa82496d50e71a0be3b732c2e7
CLIENT_TRAFFIC_SECRET_0 001d3082fb36fee88966aa6b27a27a62edac7e43d811663a4e6671781828a78f dcce4f5072ead44e0bc5f0646f4cb49a903e38b3bcf36551563214a6bb5d80e1
SERVER_TRAFFIC_SECRET_0 001d3082fb36fee88966aa6b27a27a62edac7e43d811663a4e6671781828a78f d03d444fae780c3d6fe40e8a594387a1ccfc35091a9543640c534b36b6eac884
EXPORTER_SECRET 001d3082fb36fee88966aa6b27a27a62edac7e43d811663a4e6671781828a78f 4b6365e88e4b2389c84d4743b895deb284ea15c7a0b2dd0d3fc5075ac8a0bf9b
CLIENT_HANDSHAKE_TRAFFIC_SECRET 7c648edf271c5168155f88beec6bed14814b867930a1830bffcfdddd7c70b459 1f548a4d3313757c197cce52cfea038bcbacda580fbe1e8d4dcc8ffbd54eefd6
SERVER_HANDSHAKE_TRAFFIC_SECRET 7c648edf271c5168155f88beec6bed14814b867930a1830bffcfdddd7c70b459 621bfa017ac9c531cd548eaac32d80be6350729e720c2ad024cade9ca8f8bc9c
CLIENT_TRAFFIC_SECRET_0 7c648edf271c5168155f88beec6bed14814b867930a1830bffcfdddd7c70b459 6634550e7e394d90db6f21681d937b7452c030e15316263c0505d0433ce6912f
SERVER_TRAFFIC_SECRET_0 7c648edf271c5168155f88beec6bed14814b867930a1830bffcfdddd7c70b459 e299a83f41da097c2b546d37dbbd41f920580adb34e8452904e8054098f125c1
EXPORTER_SECRET 7c648edf271c5168155f88beec6bed14814b867930a1830bffcfdddd7c70b459 d7eeb4813b0f0bd4567be6c4099755acf9a34fdebc94f1e31775d4ba835a879f
CLIENT_HANDSHAKE_TRAFFIC_SECRET 673c67bd9136a25c6456ece66ce0f8d5c8974958dbe2e4fc861c7acae98cd36f 49ea60483f751735ed310a125cf33c4d87ff2e2214a93de632e2d1e26ecd9807
SERVER_HANDSHAKE_TRAFFIC_SECRET 673c67bd9136a25c6456ece66ce0f8d5c8974958dbe2e4fc861c7acae98cd36f 2014cbaeb011328b599d4078bcd4391e3756b647af946a9b3e88d4a27ac696cf
CLIENT_TRAFFIC_SECRET_0 673c67bd9136a25c6456ece66ce0f8d5c8974958dbe2e4fc861c7acae98cd36f 04ac58a16a83a05237f50230e8ea40e46e88c26bad534d48b2c274e0854ba65d
SERVER_TRAFFIC_SECRET_0 673c67bd9136a25c6456ece66ce0f8d5c8974958dbe2e4fc861c7acae98cd36f e2d691b57649423e1d9a89f184839fe48fe2c89681eee5b3a7f4da482fb6e10b
EXPORTER_SECRET 673c67bd9136a25c6456ece66ce0f8d5c8974958dbe2e4fc861c7acae98cd36f 4c768f5b12e003ce7919f3ebdc8ea55303cecffbf29384b14f1b76a80661b7f1
CLIENT_HANDSHAKE_TRAFFIC_SECRET 1839fa84755a47222de4cb4e56f2b0fe1916f2afb20d25fb90ee854a278369e8 7cc335aefac0cdd15aae087d47e9e553af4cf615caead09e2a648879544f7761
SERVER_HANDSHAKE_TRAFFIC_SECRET 1839fa84755a47222de4cb4e56f2b0fe1916f2afb20d25fb90ee854a278369e8 3c40204eba7adc69859a9acfa33b1be8c6d4178951c6b4924e5c34f5dd90f91c
CLIENT_HANDSHAKE_TRAFFIC_SECRET 7ce74ad3b833269a2cb2989eda27d9f18a80d8c94845363f64d850e535fa9123 fc12951d1c92f2bfa4fc7cd48128d81cd45078df59a939cdb19646599e0fa007
SERVER_HANDSHAKE_TRAFFIC_SECRET 7ce74ad3b833269a2cb2989eda27d9f18a80d8c94845363f64d850e535fa9123 1cd2169c8f442e3d4f73f34ef5d97af2af4e78486ddcc2d64c61011109693f9f
CLIENT_TRAFFIC_SECRET_0 1839fa84755a47222de4cb4e56f2b0fe1916f2afb20d25fb90ee854a278369e8 4e8a952ed1ac17fda2274c080f21053adf6858acb41dd2fd731396793f5d9be0
SERVER_TRAFFIC_SECRET_0 1839fa84755a47222de4cb4e56f2b0fe1916f2afb20d25fb90ee854a278369e8 9b6b9b1a60f3421f132e972c0037b0143cfacfb9276f1ae80ce2e23e5d4c886b
EXPORTER_SECRET 1839fa84755a47222de4cb4e56f2b0fe1916f2afb20d25fb90ee854a278369e8 32e3834a0e170ffdd96eef4785e07c13e653c1e83bd178362662d1766b4b4922
CLIENT_TRAFFIC_SECRET_0 7ce74ad3b833269a2cb2989eda27d9f18a80d8c94845363f64d850e535fa9123 500d13d6bff41a55901068b323c52d9ac145a9c417f6cbc21782989463972010
SERVER_TRAFFIC_SECRET_0 7ce74ad3b833269a2cb2989eda27d9f18a80d8c94845363f64d850e535fa9123 be05cee54c72341a66db7365f42e42b1f36e4a5c8c83d31a2aae72a100d195c1
EXPORTER_SECRET 7ce74ad3b833269a2cb2989eda27d9f18a80d8c94845363f64d850e535fa9123 7e158881435e5d4335890c9a35d4fdc80ab3b51e12c16be6625bae9e42b63d83
CLIENT_HANDSHAKE_TRAFFIC_SECRET acb6655cb5eb2bb8bafcd9e2b2249e1953cd7513cad4ced3cf7c31bbd8c3ff79 dfea1a1ce96b2cd2bc67668804fca76661f952794b9faf491a7a5887c2bbb8df
SERVER_HANDSHAKE_TRAFFIC_SECRET acb6655cb5eb2bb8bafcd9e2b2249e1953cd7513cad4ced3cf7c31bbd8c3ff79 7a6028287541f1c83e5aa0654e04a9f5b3a9a90355167676373301f52254ba1b
CLIENT_TRAFFIC_SECRET_0 acb6655cb5eb2bb8bafcd9e2b2249e1953cd7513cad4ced3cf7c31bbd8c3ff79 7c4c8813ed83e713fbb273c6a7bfde2a57a48cab353833d8611d6aedff5581ea
SERVER_TRAFFIC_SECRET_0 acb6655cb5eb2bb8bafcd9e2b2249e1953cd7513cad4ced3cf7c31bbd8c3ff79 55d2e9295031ba58e5d20780486541f86907b78dafd2840157dbd9531d55b496
EXPORTER_SECRET acb6655cb5eb2bb8bafcd9e2b2249e1953cd7513cad4ced3cf7c31bbd8c3ff79 848e9a9bf0b547b9b8b8d0f4ccdbbb9de12bf0681a5b85b867157a643768e764
CLIENT_HANDSHAKE_TRAFFIC_SECRET 58105af3bd80215985b45486df4c0b702b975e56bcb979d02786dab4e0a87156 e8d8a7eb4c05f5f1f5516f85670b6df2f5870f0e11acecc200506ac13e72acbd
SERVER_HANDSHAKE_TRAFFIC_SECRET 58105af3bd80215985b45486df4c0b702b975e56bcb979d02786dab4e0a87156 5a0f8d730e5b7984e42883376396203a919548e8b131ffc3106fcb7910bc0005
CLIENT_TRAFFIC_SECRET_0 58105af3bd80215985b45486df4c0b702b975e56bcb979d02786dab4e0a87156 24aa34b89e71930aae78a52059119f73009dba0a899f8a5a983a5b86ea859e79
SERVER_TRAFFIC_SECRET_0 58105af3bd80215985b45486df4c0b702b975e56bcb979d02786dab4e0a87156 eee74539971994574fbee32ced675cfe107aca187cd135f19ea703a09cb77a64
EXPORTER_SECRET 58105af3bd80215985b45486df4c0b702b975e56bcb979d02786dab4e0a87156 b35563a6d19806c9d13b5ccfc7f7932ca5b74bc760f8c8552d71b101b79eff11
CLIENT_HANDSHAKE_TRAFFIC_SECRET 356285a468d0ed7f77bf3aab57ed9793bc0b044b0bb4003b3a4cb762fa05d4b3 2dc35236a6458cd6333d0f901ee247008f664e1b9f6df4edb4e11891fa4c7ab2
SERVER_HANDSHAKE_TRAFFIC_SECRET 356285a468d0ed7f77bf3aab57ed9793bc0b044b0bb4003b3a4cb762fa05d4b3 86578cc351f5bec15ae0daef3f3c77cd19346d3a419374f28a675460d1110d15
CLIENT_TRAFFIC_SECRET_0 356285a468d0ed7f77bf3aab57ed9793bc0b044b0bb4003b3a4cb762fa05d4b3 a093541ea12de2333fb7575a43602c01de3d988d13fae1f3b3d395615ba911ed
SERVER_TRAFFIC_SECRET_0 356285a468d0ed7f77bf3aab57ed9793bc0b044b0bb4003b3a4cb762fa05d4b3 2b799376f53984a4a0374b0d6e888317ac4426ad43b6f9327f41b86bb74e649b
EXPORTER_SECRET 356285a468d0ed7f77bf3aab57ed9793bc0b044b0bb4003b3a4cb762fa05d4b3 c94b6a6b2aa235c1d737e0f9b960ba1f5bbdc1513298f757eb5360b266e2d0aa
CLIENT_HANDSHAKE_TRAFFIC_SECRET 04e40df7f7968f61a7864b7c4e3e6716360bc0c9b8ba5c5e6ae585e2294ffa3e b29c842e67e96cf84b20b547ad1519dd463d6c9a9969fb5c16c74fd681d78156
SERVER_HANDSHAKE_TRAFFIC_SECRET 04e40df7f7968f61a7864b7c4e3e6716360bc0c9b8ba5c5e6ae585e2294ffa3e 7c0d986acc2213f31882e52255e9b743c86d62ae58f7b938bb1168f9f2a3e4ec
CLIENT_TRAFFIC_SECRET_0 04e40df7f7968f61a7864b7c4e3e6716360bc0c9b8ba5c5e6ae585e2294ffa3e 327e44ef5482930e77b06d97de8943651c7dd1bcfd77bdff19ddb1ca89f5a96e
SERVER_TRAFFIC_SECRET_0 04e40df7f7968f61a7864b7c4e3e6716360bc0c9b8ba5c5e6ae585e2294ffa3e c171911b897f443486cf2cbc52e0bf9aea6af8e177f301142323976efffc5046
EXPORTER_SECRET 04e40df7f7968f61a7864b7c4e3e6716360bc0c9b8ba5c5e6ae585e2294ffa3e af372e9a11ec370327771c395fd55a848b6c386e83f9a91d38796d634b321130
CLIENT_HANDSHAKE_TRAFFIC_SECRET f6f72746f0bc3c20ba58b704c16a1256f08853dc34c423aef42cbb818be8383c 2ae03a1cda575b4e8f871e4d1e90f04036da9244d10c8106e67f4c58017e4a18
SERVER_HANDSHAKE_TRAFFIC_SECRET f6f72746f0bc3c20ba58b704c16a1256f08853dc34c423aef42cbb818be8383c 9b87d2335205a6e5d7fcc7ea7007c8b7fd22258a6467f209c4719bad9052a9db
CLIENT_TRAFFIC_SECRET_0 f6f72746f0bc3c20ba58b704c16a1256f08853dc34c423aef42cbb818be8383c 77c440b7cf4f18211f6e30b1aba5125805aec73d523e0c030bed8db5acdb7f34
SERVER_TRAFFIC_SECRET_0 f6f72746f0bc3c20ba58b704c16a1256f08853dc34c423aef42cbb818be8383c e0f6d9596196077c0d9035ddd4bafcd1b9ef5307a24e401a4f636f7b2308a8a5
EXPORTER_SECRET f6f72746f0bc3c20ba58b704c16a1256f08853dc34c423aef42cbb818be8383c b2772f88c7dfbe3baea4b48dd403f18c4440b6984d8ab82162c62cc31215adf8
CLIENT_HANDSHAKE_TRAFFIC_SECRET b29a6341de031c12ea8653af9bcc12584ea8b8a3275ef2f488b3287dd1e0bd8c b7fa3a0913e3b2903ee195d7692ef7e08dbab3a8774381dfd5e07a99cfb6d503
SERVER_HANDSHAKE_TRAFFIC_SECRET b29a6341de031c12ea8653af9bcc12584ea8b8a3275ef2f488b3287dd1e0bd8c 9c229374a6341ab30c57fcde23bfdcd51b608c09e375d1e8d8fa791da9e7551f
CLIENT_TRAFFIC_SECRET_0 b29a6341de031c12ea8653af9bcc12584ea8b8a3275ef2f488b3287dd1e0bd8c 918e2cf88aa5d674a144eb44b701f5bb402a70eefa0f66c10ccd52d6885c67c8
SERVER_TRAFFIC_SECRET_0 b29a6341de031c12ea8653af9bcc12584ea8b8a3275ef2f488b3287dd1e0bd8c f71e5ddf70a1144e572b4c6ed8bc357b085aea48992fb7a2f7c0c572b1eca94b
EXPORTER_SECRET b29a6341de031c12ea8653af9bcc12584ea8b8a3275ef2f488b3287dd1e0bd8c 7fd26767c0ca9adb94a7478dfedfbd1c0c83f41b9652ab9b4997899095ae744c
CLIENT_HANDSHAKE_TRAFFIC_SECRET 2790f9eb8a08dc94c2e434d4f36af350321dcdc3e74691187ded69c801b3c1bd 5265fb4e5399f92dd03c5b2caeb0839306b42612a34062fd4489676f2b81ef08ad581656d83d52e3fdd20d172f51428b
SERVER_HANDSHAKE_TRAFFIC_SECRET 2790f9eb8a08dc94c2e434d4f36af350321dcdc3e74691187ded69c801b3c1bd ea34e1e864406dad1b899743e21ba204098dd0e48f40d65fc1726897cd8f0c04bd73ef70b42e718ba13d235998124723
CLIENT_TRAFFIC_SECRET_0 2790f9eb8a08dc94c2e434d4f36af350321dcdc3e74691187ded69c801b3c1bd 116ab63c1bcf9d88ce1875f4312c37d97387435202d9f32dd327f19f9ee69551f36d1b2cf6dd9126ae934b9e4b9e5fdf
SERVER_TRAFFIC_SECRET_0 2790f9eb8a08dc94c2e434d4f36af350321dcdc3e74691187ded69c801b3c1bd 4ae827cf4b092b01e267a6c2279fe18c57ab2cb597746acfcee9996e775c8c52d5765f2f009b11ee1bb6e797070f8081
EXPORTER_SECRET 2790f9eb8a08dc94c2e434d4f36af350321dcdc3e74691187ded69c801b3c1bd 726c3edc81c9ab5287cd586867e8ee335e4f180d8ee313ffed7440be7384b638121f7d90e1cddb0b6833f5788e413b5d
CLIENT_HANDSHAKE_TRAFFIC_SECRET dd856118eaaa207931bcbcafa87677781d2da75e416cc3f12008abe45758d907 f9f587340cde5d95c4371d8dd57ac1751b5ab0ef4e8c7e46de16e01fa199e32393f05448f59b884ff2aef4b989ce0bab
SERVER_HANDSHAKE_TRAFFIC_SECRET dd856118eaaa207931bcbcafa87677781d2da75e416cc3f12008abe45758d907 e5eafe63c56b10dc046a58f875fef065e297b8d01d4d0640ada8e3ff6c2d13762a99d28993634aa673a77f2f1ee271f4
CLIENT_TRAFFIC_SECRET_0 dd856118eaaa207931bcbcafa87677781d2da75e416cc3f12008abe45758d907 f1fcf9839856034fc927050898fd04a0ec9864d54a6288905881be7a38c87d10f92a98e37c9e9b2e7539181989812890
SERVER_TRAFFIC_SECRET_0 dd856118eaaa207931bcbcafa87677781d2da75e416cc3f12008abe45758d907 11e9b0e2694d35d6dfebbc1573e0fcb63ecd441f3c8319b0ab9a030328ed1abc919679e75e5a92172eebf55fccbfc5f5
EXPORTER_SECRET dd856118eaaa207931bcbcafa87677781d2da75e416cc3f12008abe45758d907 b0674ea20aec4c160d6ba7fc73e9aa7dcf5e751a79172abd84d60977ba13a00d8bd2b004ce8b74181a90cd3c8904e327
CLIENT_HANDSHAKE_TRAFFIC_SECRET e26f2be25f9a15139e79928d315070b48eaea36a1036b7b3f4f2c4eb26a8fa56 1e6185d7debd7aedbbae2f56245880b70c629be611e55a95d88646ebd6b2c7d2ac0e22c4eed0e87f0c2a7fb9b91ca899
SERVER_HANDSHAKE_TRAFFIC_SECRET e26f2be25f9a15139e79928d315070b48eaea36a1036b7b3f4f2c4eb26a8fa56 c3ae6be31bb4c96d5a6405e734352177755b75d931a1e17d093d5d57992b2034372fdf1137a9ce035a0a962deb8ddeb1
CLIENT_HANDSHAKE_TRAFFIC_SECRET 5bb9b63ada36ad0c4e1d69fcd5f145d5ccd9957534c7c4f0d443b41a2f637de7 4335316c0cdf78ec20ecdc46adc003a8cf8380cb96bee4a31c5d8f177bf2c2fdffc8d87ebfb3db89fa1ea1e061448d2a
SERVER_HANDSHAKE_TRAFFIC_SECRET 5bb9b63ada36ad0c4e1d69fcd5f145d5ccd9957534c7c4f0d443b41a2f637de7 e37a92be19f1ad5aa841b31a819124f2209002aeccd51d6f9ab92816ef942360ae7aa27c246aac8b817484500334063a
CLIENT_TRAFFIC_SECRET_0 e26f2be25f9a15139e79928d315070b48eaea36a1036b7b3f4f2c4eb26a8fa56 35d9551a5a2f0bd9c436091de38112f329a522ccab5e7dd9ea67f2e218db3cdaabdd85b2b9be154f83fdab88262ab9a6
SERVER_TRAFFIC_SECRET_0 e26f2be25f9a15139e79928d315070b48eaea36a1036b7b3f4f2c4eb26a8fa56 014fc87e834477d00e066dcd461df6b663dd0a4e10e5618cb35b4e0e085e97c9819fb9618ba836ee323d76db79997ee5
EXPORTER_SECRET e26f2be25f9a15139e79928d315070b48eaea36a1036b7b3f4f2c4eb26a8fa56 23075a4cd7df659b06b20a08ac6fa040325d91826feb788fe4208686cc3fefc20ccc004817976e01c5ec6202343c64a4
CLIENT_HANDSHAKE_TRAFFIC_SECRET 370ca57cceae4e621b68b4a83a0743940b9aabbe5c9f88f4e4f8f9f140a2013f 61e0a5d9b1cdc0b563bb87a0aaa507e4c341e9dab9017ba5787191215782ccda74c1aace44028d5e32dcb757de4f31a7
SERVER_HANDSHAKE_TRAFFIC_SECRET 370ca57cceae4e621b68b4a83a0743940b9aabbe5c9f88f4e4f8f9f140a2013f 89db92b96c1eeede4a0a80b46e0626bcdf5a55a5da89dbce9e65861a3dcd0a341cfaba2109947bc6efb2641c45762cc2
CLIENT_TRAFFIC_SECRET_0 370ca57cceae4e621b68b4a83a0743940b9aabbe5c9f88f4e4f8f9f140a2013f c50de0d6b3fdad30d7fbe8308c975b8de2b877fd998d6b67d6570a4257ca366bfc800423cc38e889d57ca077774681e4
SERVER_TRAFFIC_SECRET_0 370ca57cceae4e621b68b4a83a0743940b9aabbe5c9f88f4e4f8f9f140a2013f c8992d88c15e11885bf4b38fcff43d3663e3d53830352511eaf9e0d75976e102a56a7936a6f1c782f50625c9d28b8447
EXPORTER_SECRET 370ca57cceae4e621b68b4a83a0743940b9aabbe5c9f88f4e4f8f9f140a2013f bf97b7fd3ea8d1381cd0496ad1c041f6bfd38f8e77c6b4c96ed69f6cf8b4e7f6d836d229c52ffc87dcdafa842b23497e
CLIENT_TRAFFIC_SECRET_0 5bb9b63ada36ad0c4e1d69fcd5f145d5ccd9957534c7c4f0d443b41a2f637de7 52843980a14009073d5a50cf0227c92c7347e5dc2dcc5a720a37aa11b3491756822c45aba7dfa701f779cf33db1b7817
SERVER_TRAFFIC_SECRET_0 5bb9b63ada36ad0c4e1d69fcd5f145d5ccd9957534c7c4f0d443b41a2f637de7 64e49a00f2b1e29275b99a05343f979d7b4e715637c3ceb078c4024315ef7d09d5904e0020bb587b57df3a116fdd1e11
EXPORTER_SECRET 5bb9b63ada36ad0c4e1d69fcd5f145d5ccd9957534c7c4f0d443b41a2f637de7 e3fd963603ffda645d2aa143b72427083785a9a835df3eab3e679e2fa8b67938990cdbb06792b612e3e41d800347989a
CLIENT_HANDSHAKE_TRAFFIC_SECRET 791b4a3565817d70f7ca4a88e659c18640ad412ac3f9a1f18bbafbaea736fe15 b6d6c35baa3f26d901879709e75c720e3072bdd000966217978715170e4bf0eb910d307c8ef7a8509dfc2d9deff678e9
SERVER_HANDSHAKE_TRAFFIC_SECRET 791b4a3565817d70f7ca4a88e659c18640ad412ac3f9a1f18bbafbaea736fe15 1f6c25822cfeef086debc04598abdae8fb7baa2b922465c2210f054691797c508611921a142f7bdef04b46df83b17fbe
CLIENT_TRAFFIC_SECRET_0 791b4a3565817d70f7ca4a88e659c18640ad412ac3f9a1f18bbafbaea736fe15 39b4137172bbe89ccedf666559f8842fc8f71932f62cecf46f790e574e3db8b306db058946279f98ec97cc8efb21c502
SERVER_TRAFFIC_SECRET_0 791b4a3565817d70f7ca4a88e659c18640ad412ac3f9a1f18bbafbaea736fe15 54e629b499c8cd109a714102ee8203396f0b995337c0aff366288bcc5eebe949af004ce8080fec3b889df71e1f213a32
EXPORTER_SECRET 791b4a3565817d70f7ca4a88e659c18640ad412ac3f9a1f18bbafbaea736fe15 3ce048c1414e43277b9664250fa0d66ea95fb277dba44f96e6bc0411e75fa35755f50141006818bc7e6d604060eedb1e
CLIENT_HANDSHAKE_TRAFFIC_SECRET 61f53d02dd8e158517e065013e12efca05f8596e2ea8cdcbd1e4910585c88f00 f0619b65281f253c16f38a8f08e031d87c9b2c069af1ea697423fc73f5a3089f
SERVER_HANDSHAKE_TRAFFIC_SECRET 61f53d02dd8e158517e065013e12efca05f8596e2ea8cdcbd1e4910585c88f00 2a35b9aba1e60210dc79e2d56ffda45171c046bea2564ee273508ed5fff0c5a4
CLIENT_TRAFFIC_SECRET_0 61f53d02dd8e158517e065013e12efca05f8596e2ea8cdcbd1e4910585c88f00 dcc5ddc4e8fd72553a32323785a14615936479052be7734e1509e1170d86a754
SERVER_TRAFFIC_SECRET_0 61f53d02dd8e158517e065013e12efca05f8596e2ea8cdcbd1e4910585c88f00 5f15d705832be83b237cce741123918d1604d3fc4c2a51b3a2e8209ea7105057
EXPORTER_SECRET 61f53d02dd8e158517e065013e12efca05f8596e2ea8cdcbd1e4910585c88f00 9d7940031a5522889e50bbe236f5875fa8aca9bf85566ec98e5da717c961c7dd
CLIENT_HANDSHAKE_TRAFFIC_SECRET b8a6ee2b698dd4cce3874d49b8367d6a0cfa2420c9e41680118710f3059f1fd1 941240999a3b6a29afd61b4b10707e41afee64c5995366b5bbad67b903ed2777
SERVER_HANDSHAKE_TRAFFIC_SECRET b8a6ee2b698dd4cce3874d49b8367d6a0cfa2420c9e41680118710f3059f1fd1 93572239f409d044b5a1311ef1bbb97d7971de70300fc6c48e07c5a278683264
CLIENT_TRAFFIC_SECRET_0 b8a6ee2b698dd4cce3874d49b8367d6a0cfa2420c9e41680118710f3059f1fd1 76edeeb3845b0a5c41ca2f3ced903ae49271a14f195cf93de7b5a6438a8972f2
SERVER_TRAFFIC_SECRET_0 b8a6ee2b698dd4cce3874d49b8367d6a0cfa2420c9e41680118710f3059f1fd1 88857ac8dc8a35d5b60a6561148bfc989c2128f8e3a690591d02871398729ae4
EXPORTER_SECRET b8a6ee2b698dd4cce3874d49b8367d6a0cfa2420c9e41680118710f3059f1fd1 bd19a669dd87c18186b8a42a789a6bd6f7baedd963a0ff4704e6ce659a0e049a
CLIENT_HANDSHAKE_TRAFFIC_SECRET 7f9325a974580b3f258b47988eec23c967f666726cb7fea07c5566378402f71b ca30333392338778dfd480374ee1b2eeea1b7b48a9730bc0d54de24db32eecbe
SERVER_HANDSHAKE_TRAFFIC_SECRET 7f9325a974580b3f258b47988eec23c967f666726cb7fea07c5566378402f71b f90f8109c9030ea630bcf61a449fbe308f1549f980e6a9cd686db0c2495a84ac
CLIENT_TRAFFIC_SECRET_0 7f9325a974580b3f258b47988eec23c967f666726cb7fea07c5566378402f71b 9b9d9c481ea55afe030019b5af17ca126e0f2999b13b98c603dd71dad4af95b0
SERVER_TRAFFIC_SECRET_0 7f9325a974580b3f258b47988eec23c967f666726cb7fea07c5566378402f71b 4698214010b0931f1e5f65e18c5acbbdcc0bd12281c7944e05fc2d0371d23349
EXPORTER_SECRET 7f9325a974580b3f258b47988eec23c967f666726cb7fea07c5566378402f71b 56920e23b7d39d99b29ef328a08cb5d41420f815ba5ddcf5c3db33461594b4c3
CLIENT_EARLY_TRAFFIC_SECRET 703b76985d845e7d9c2fc2e71a23a874f1081b792578ebf0693a68996a41ff24 c5835f0016a7bc6403e03dae97f2fbca38f4e879e48f39673652ddee976554c706863cb842beee0821b77b0ec0ad6fa3
CLIENT_HANDSHAKE_TRAFFIC_SECRET 703b76985d845e7d9c2fc2e71a23a874f1081b792578ebf0693a68996a41ff24 de113afe4595f9eb382d1dc106faf12b715b94286ae7a052eeadcbbc44c5a463fe1baf7c369bb29bdb577dd710b56784
SERVER_HANDSHAKE_TRAFFIC_SECRET 703b76985d845e7d9c2fc2e71a23a874f1081b792578ebf0693a68996a41ff24 5e71385ac6cb4c4758bc269d734cab29707d252c83323fd812e4a07f9750dbfab24807b87c923eda071eb91d85f5d953
CLIENT_TRAFFIC_SECRET_0 703b76985d845e7d9c2fc2e71a23a874f1081b792578ebf0693a68996a41ff24 12cc4380549db165d1e622dd7e08721f12c0bde976f5618cb3c81600108d3569dd6ead6b43306bb8d10c3d3b6c245ff9
SERVER_TRAFFIC_SECRET_0 703b76985d845e7d9c2fc2e71a23a874f1081b792578ebf0693a68996a41ff24 f876ee24dd4838e191b145bcc5234c8c642dcbae9172cdcbc4151061394ac50efa0304250be27fae5743b9309fa7e878
EXPORTER_SECRET 703b76985d845e7d9c2fc2e71a23a874f1081b792578ebf0693a68996a41ff24 a380cb4b7b7db9205ec4c16f6e0661cf44408f839c1b37f9d06240313b831c91f079f5ea4bc2d8e719c6941c409b1b5f
CLIENT_HANDSHAKE_TRAFFIC_SECRET 06c2c85819994b9662be50ea80bd03cf944cc0df05405fe8efafac3506a23e30 e7ee5308315bd5f352d9a0af472f4027cb03247d57bceeec18c315437cf34abb
SERVER_HANDSHAKE_TRAFFIC_SECRET 06c2c85819994b9662be50ea80bd03cf944cc0df05405fe8efafac3506a23e30 76dd269dc963ec3c5af5fe0e9d24c784b57946e0b0409568d89d84f7fc3ff5e5
CLIENT_TRAFFIC_SECRET_0 06c2c85819994b9662be50ea80bd03cf944cc0df05405fe8efafac3506a23e30 5e58476a98ecdb0566a5f935cfecef7e1acde470d4d81127481f6c3b1b9d40d2
SERVER_TRAFFIC_SECRET_0 06c2c85819994b9662be50ea80bd03cf944cc0df05405fe8efafac3506a23e30 4b81e23ce1d6e8025cf49e0468597699017a743b16f90016be5809b94765062c
EXPORTER_SECRET 06c2c85819994b9662be50ea80bd03cf944cc0df05405fe8efafac3506a23e30 95d8dab6398e05176135a893a28dd29ec9e2df0e609d06b9557f0d24faac5824
CLIENT_HANDSHAKE_TRAFFIC_SECRET 013253fb556009190313c60d9e0faa377bd2783ee8ea84e8bb5151f807d5e28d 6fdc2ac82a9e03cd9062dd592b043cfc4f94c31f38433a4ebee8b6b074b4edad
SERVER_HANDSHAKE_TRAFFIC_SECRET 013253fb556009190313c60d9e0faa377bd2783ee8ea84e8bb5151f807d5e28d 3c2d5f4bfeed7bc40c2764f45d797b3a2ccd5dbfea94b9aa697c96e4aacad380
CLIENT_TRAFFIC_SECRET_0 013253fb556009190313c60d9e0faa377bd2783ee8ea84e8bb5151f807d5e28d a78d0a64e6e3354aae53784a3c81ef1873f81d059bde6bd43093e9a2e6ff15cc
SERVER_TRAFFIC_SECRET_0 013253fb556009190313c60d9e0faa377bd2783ee8ea84e8bb5151f807d5e28d 09cb63eb59bf8d92fd91072ae26f251f92d140d9706ebdec12e394fc5306dee0
EXPORTER_SECRET 013253fb556009190313c60d9e0faa377bd2783ee8ea84e8bb5151f807d5e28d 441d6d19c075eb63223bc777d2d512e2003548a5f44e3d7325fec6b7c9fd453b
CLIENT_HANDSHAKE_TRAFFIC_SECRET 4a767608392bc05ed7b2cfb68500b5dce9c9fbfc8f1786a8591d66dede089752 6fd7bc171e3f872f5df6c6318176211bf7cf0688b59bad842a378a6fe0b3c9fd
SERVER_HANDSHAKE_TRAFFIC_SECRET 4a767608392bc05ed7b2cfb68500b5dce9c9fbfc8f1786a8591d66dede089752 0a5b2424f578f46c0abd841395f5237416f38093e202669eab78af2dede95cd2
CLIENT_TRAFFIC_SECRET_0 4a767608392bc05ed7b2cfb68500b5dce9c9fbfc8f1786a8591d66dede089752 b2f26b3c4dce0ae9cb11b077a42b076fbda9e9f028eb1fc91accc8bb72a4334e
SERVER_TRAFFIC_SECRET_0 4a767608392bc05ed7b2cfb68500b5dce9c9fbfc8f1786a8591d66dede089752 d1a076e949b8418a9663fc1863fcd7c74fa6631cacdfb0b66b1891c5cf31eff7
EXPORTER_SECRET 4a767608392bc05ed7b2cfb68500b5dce9c9fbfc8f1786a8591d66dede089752 4930160f0e86bb6bf85a8c40400ad4527c52e4ed85f1261737e00a887c0b7221
CLIENT_EARLY_TRAFFIC_SECRET 5f06a7213a0442d6d32035d772c0849b75fdac97b651f72d2adb333c827ea8fe 155b47d1371bd5e41209a0b2e36dd1d148044dbd70df68c4b5a74721ef674bd7
CLIENT_HANDSHAKE_TRAFFIC_SECRET 5f06a7213a0442d6d32035d772c0849b75fdac97b651f72d2adb333c827ea8fe 8c9a4a96fb8bec6f820a03fbedca0ade1dcc354f4c36870030aad8ca6fd796fc
SERVER_HANDSHAKE_TRAFFIC_SECRET 5f06a7213a0442d6d32035d772c0849b75fdac97b651f72d2adb333c827ea8fe a4eb2b75f8977f31ab31d7e17e38db5d991b9013c82c6132f071d28e68eb8d23
CLIENT_TRAFFIC_SECRET_0 5f06a7213a0442d6d32035d772c0849b75fdac97b651f72d2adb333c827ea8fe ada7bc5b5c3ebd70b6409263a649310361fe1c0be764bf92745e00cdf6573b7d
SERVER_TRAFFIC_SECRET_0 5f06a7213a0442d6d32035d772c0849b75fdac97b651f72d2adb333c827ea8fe 4a992d044bd8e118cc883ed4a1fc3378314baf83852d8d0c540c15b1506d1965
EXPORTER_SECRET 5f06a7213a0442d6d32035d772c0849b75fdac97b651f72d2adb333c827ea8fe 123db0b6683d78106022b9ca5adda61bafc2366ac7efe7626531147df8247f03
CLIENT_EARLY_TRAFFIC_SECRET e0cf057a0438bbb656896fe4c7404a7a0f700709e704ef469b84852beed19817 9c48ca4c056f77ca57b144780fc2d971f22b3240913810ec1a78972521830004986e74515aa6e586c7bf6ded4ec283a8
CLIENT_HANDSHAKE_TRAFFIC_SECRET e0cf057a0438bbb656896fe4c7404a7a0f700709e704ef469b84852beed19817 32fd745e28e046a779a311487502ce31a19d0d2189e0ded26882cf8d8f92d820152d7db5a944e3456d23498786b037c9
SERVER_HANDSHAKE_TRAFFIC_SECRET e0cf057a0438bbb656896fe4c7404a7a0f700709e704ef469b84852beed19817 e809781001e5cf7533b0681b9fc02d90dd7ef1998422c1e2b50c00f433555e40adb0fa62f90ba491cebbc623dcec3bc7
CLIENT_TRAFFIC_SECRET_0 e0cf057a0438bbb656896fe4c7404a7a0f700709e704ef469b84852beed19817 b9fa855f4ae9c2aea6d4c6ed3c3a1659ab355e6fb3d9385fcd4bf49f533a628064467ca1e428606b0c0232afb5087440
SERVER_TRAFFIC_SECRET_0 e0cf057a0438bbb656896fe4c7404a7a0f700709e704ef469b84852beed19817 5396892441456cb157ed593006660d2a1bc7bd536e97cd6cc3fab4876758374d1e755c0c1e998ad76ed750e8bf12ae2f
EXPORTER_SECRET e0cf057a0438bbb656896fe4c7404a7a0f700709e704ef469b84852beed19817 9eee64a0f4705468ba506ad7545000cb4addbe8253652bebecd8f0d8b55873c81595517c999687b2fdcd3c0165f33911
CLIENT_HANDSHAKE_TRAFFIC_SECRET 098dced3b986836926a07d60a757a7f0cfcc1166bbf4c2fa602c23656760b677 4b4779e5bd28d5fdf3ec4714d022a02034753e5610e4c04ec82b86952e63e406
SERVER_HANDSHAKE_TRAFFIC_SECRET 098dced3b986836926a07d60a757a7f0cfcc1166bbf4c2fa602c23656760b677 edfcc3fcadea37693be140a1fff589f739b52578219a566869a23b4e7aab37f1
CLIENT_TRAFFIC_SECRET_0 098dced3b986836926a07d60a757a7f0cfcc1166bbf4c2fa602c23656760b677 890ddf3dbb547fbc3ca109701e04844eae3878e561dcc37649920a2a28f8c553
SERVER_TRAFFIC_SECRET_0 098dced3b986836926a07d60a757a7f0cfcc1166bbf4c2fa602c23656760b677 ef9d6425f13f4df0773c6c0bd7b5deba7f61607b42d9b78aec241a547552213b
EXPORTER_SECRET 098dced3b986836926a07d60a757a7f0cfcc1166bbf4c2fa602c23656760b677 d65dc9d2a7b7202314eaf396be9de81220fd0f565dcbc6e7cf87dedb4bddaff7
CLIENT_HANDSHAKE_TRAFFIC_SECRET f7e271e6704fafb3e140f12c6029104ba8c7e36f297293556ea2a16f0b9eeaaa 333c13aef6737ca6ee670a6090ff1641271af614d23a61c03dd6c28a7b8f9657
SERVER_HANDSHAKE_TRAFFIC_SECRET f7e271e6704fafb3e140f12c6029104ba8c7e36f297293556ea2a16f0b9eeaaa ee1b5bc97c9f9e32acfc7a79c517c9c1bacb2831070c8ca980c549b60945cb6c
CLIENT_TRAFFIC_SECRET_0 f7e271e6704fafb3e140f12c6029104ba8c7e36f297293556ea2a16f0b9eeaaa 299abfc5dc27ada53e20bd0dbada8bf8bbf0399f3127319d2d481f632ad4b0dd
SERVER_TRAFFIC_SECRET_0 f7e271e6704fafb3e140f12c6029104ba8c7e36f297293556ea2a16f0b9eeaaa 15ef25ec934dc0c53ef91cb21fe672c9f0bf23846a60d2b8a6249bbfbffc2126
EXPORTER_SECRET f7e271e6704fafb3e140f12c6029104ba8c7e36f297293556ea2a16f0b9eeaaa 7c7e989eab0f849a7bfa3a0f4fa1a354f30230697732f7b3ba222c26d59c28fd
CLIENT_HANDSHAKE_TRAFFIC_SECRET 7b9159bdbaf7e930fc5a0d57d6747a822de79e85ffff2b39524d3ffa96b9b7eb 7de68304fd1f531d2ef51f98e6013682bbd8e14de80cf09cc978ef49831cf2fd
SERVER_HANDSHAKE_TRAFFIC_SECRET 7b9159bdbaf7e930fc5a0d57d6747a822de79e85ffff2b39524d3ffa96b9b7eb 15072bc191ac05b9e52797ec9b83704b61520463d1877e7c6c07f3ee91e4b9c4
CLIENT_TRAFFIC_SECRET_0 7b9159bdbaf7e930fc5a0d57d6747a822de79e85ffff2b39524d3ffa96b9b7eb 902b01fb53fe8257a0a360100630d4e0ab9e67ae8b16e26a8a9e1dccb3d78ed8
SERVER_TRAFFIC_SECRET_0 7b9159bdbaf7e930fc5a0d57d6747a822de79e85ffff2b39524d3ffa96b9b7eb fdbe57fced02d6808fb22a40477f13cf459cf70f141347a05820f76930b275dc
EXPORTER_SECRET 7b9159bdbaf7e930fc5a0d57d6747a822de79e85ffff2b39524d3ffa96b9b7eb 46a9fbb47011e038e5c44a9938314bd109ea2e4753c82aef1e9e482bc5ee2299
CLIENT_HANDSHAKE_TRAFFIC_SECRET 163294b83fba56add165e02ef41580be3deabf9f437a74605d3d6c76c5574398 2b13a1085d689a84339d926e6cc5fd366f562c0d5cc33a809a6d87f2f42354c4ff04e690993fe4eb6b47df7c71411211
SERVER_HANDSHAKE_TRAFFIC_SECRET 163294b83fba56add165e02ef41580be3deabf9f437a74605d3d6c76c5574398 09fc129923fcde4390bbdb2a5fce1b24e6ddf13d138439867827f99a5eaaeb9b4ca5b3f2c6d1cf42d512e2a20f326b48
CLIENT_TRAFFIC_SECRET_0 163294b83fba56add165e02ef41580be3deabf9f437a74605d3d6c76c5574398 0f8b9b3cf7baafb623513da06025fdabb0a9584dc15a15cee4bf9fa5bac76f21bd3d4339b02b10be4916e684073753ba
SERVER_TRAFFIC_SECRET_0 163294b83fba56add165e02ef41580be3deabf9f437a74605d3d6c76c5574398 8f943875d663121a858bfa36f6d654a7ebc3efe7535f6e6e9dfe4d6769bd04f3e4568d86f3988827a758c7dea5b8bcf4
EXPORTER_SECRET 163294b83fba56add165e02ef41580be3deabf9f437a74605d3d6c76c5574398 e8b64b9058104c68ba2933844c3d25dc2154a6da955b4901dd14ff8492ed038996b630f7b4b6fc61efcc114fa1db1299
CLIENT_HANDSHAKE_TRAFFIC_SECRET b4d53f3ad7fd7f011f5a92b2138ff2d32fba4f861e8ec0a5a31259bd406c32b5 1b56f391c6ffe00b17401270927b857a17586daca41d7f8a63079a21bcc3ae8019a273617f3198468dca0585dd85cc8b
SERVER_HANDSHAKE_TRAFFIC_SECRET b4d53f3ad7fd7f011f5a92b2138ff2d32fba4f861e8ec0a5a31259bd406c32b5 f6bfbe7a1bacbb19bd4d91bf7036c7cc7aa5d90f7a8902ed54ad4450ed896045b8dc9991952e21b68821982d35d4dd87
CLIENT_TRAFFIC_SECRET_0 b4d53f3ad7fd7f011f5a92b2138ff2d32fba4f861e8ec0a5a31259bd406c32b5 d09807362e95611e0cded70f5a8792ee1c69894a226585c82d8812cd178e2dd38277d5523cf30cd21f5b2c54047f1e6c
SERVER_TRAFFIC_SECRET_0 b4d53f3ad7fd7f011f5a92b2138ff2d32fba4f861e8ec0a5a31259bd406c32b5 f9c23ff8c52c31dba7b238454c852cd3b519d849cf9d2de35cee914c2dfd97f051478c040dc61e0a3a829b5d658758df
EXPORTER_SECRET b4d53f3ad7fd7f011f5a92b2138ff2d32fba4f861e8ec0a5a31259bd406c32b5 1dc6e6eb7e522397e13f1ade71b139f41d2f8b52458bd26187e8a4a286f1f31f9c6b2e1e9a7a04040a251c312b20337c
CLIENT_EARLY_TRAFFIC_SECRET 332b0d7f3651d08084cbf8743d878028dde37f31917b27c4f9e0f18a4ae30350 8336dbc03b97b571d2ac8bdde1df85ce592aec76a4bfbefb7967aee956d542cb
CLIENT_HANDSHAKE_TRAFFIC_SECRET 332b0d7f3651d08084cbf8743d878028dde37f31917b27c4f9e0f18a4ae30350 2cac1b4e5186d7c4dd2a8ec8728ab43300e9b98b97acbbd145d60fc786bfac67
SERVER_HANDSHAKE_TRAFFIC_SECRET 332b0d7f3651d08084cbf8743d878028dde37f31917b27c4f9e0f18a4ae30350 65bd99d6a481baeacc61d02362ee871a303665233b3678205d868e4c628c9c47
CLIENT_TRAFFIC_SECRET_0 332b0d7f3651d08084cbf8743d878028dde37f31917b27c4f9e0f18a4ae30350 bb747188bcb7c8ca62ea16042eabc6cd6b1ebbe831bce0bf97d5280d0eabc027
SERVER_TRAFFIC_SECRET_0 332b0d7f3651d08084cbf8743d878028dde37f31917b27c4f9e0f18a4ae30350 358ecfdf461db6b84baa5a4246db8d5fe31d1d5a024bf812ff4b91aa390ad6f9
EXPORTER_SECRET 332b0d7f3651d08084cbf8743d878028dde37f31917b27c4f9e0f18a4ae30350 a42e84540d0bc2a823cbf362db267a24d89bdfc6745cf097c254d0d379310238
CLIENT_EARLY_TRAFFIC_SECRET 669bc0d960b7f39bcd70e0c5115897d85ebd9327c6b2dfebd08fecb7dbcff341 5b184fcabb31c3e48545182e4f40656559926641aa82b358d5929fb3a9ec946d
CLIENT_HANDSHAKE_TRAFFIC_SECRET 669bc0d960b7f39bcd70e0c5115897d85ebd9327c6b2dfebd08fecb7dbcff341 6102d1b201512fbb134b3dd162d256e7bbf2b9ef8f40d703fde3c10f647db26c
SERVER_HANDSHAKE_TRAFFIC_SECRET 669bc0d960b7f39bcd70e0c5115897d85ebd9327c6b2dfebd08fecb7dbcff341 87ac6a168b42ddf581aef5f0d026dd8c8df93bf0fc9ea48a6fc40577a57cbb26
CLIENT_TRAFFIC_SECRET_0 669bc0d960b7f39bcd70e0c5115897d85ebd9327c6b2dfebd08fecb7dbcff341 490c67a35540d54357d52b3cda044896e9bf300176daf1980343240699e7eb48
SERVER_TRAFFIC_SECRET_0 669bc0d960b7f39bcd70e0c5115897d85ebd9327c6b2dfebd08fecb7dbcff341 97efbb8fc39b63a5ea5c4774b32517adec17d87e99dc410df243c6962a35c70a
EXPORTER_SECRET 669bc0d960b7f39bcd70e0c5115897d85ebd9327c6b2dfebd08fecb7dbcff341 17b2aecc5da2de02005c8d252a9f987ff2d56909fccb75378f8cc6ee19a327a5
CLIENT_HANDSHAKE_TRAFFIC_SECRET 341cb26127b643f910b03f55c414630d6531cd8eda63616a83495806560539bf bc77aebaba06689a82a43f019bd9cd27c76f498ca04e6851f71a40319c61ad4b
SERVER_HANDSHAKE_TRAFFIC_SECRET 341cb26127b643f910b03f55c414630d6531cd8eda63616a83495806560539bf f84182644c9649916771b6ada32d944b9726a2457875d9c55f98d47299b08800
CLIENT_TRAFFIC_SECRET_0 341cb26127b643f910b03f55c414630d6531cd8eda63616a83495806560539bf a6de54fc2d9965011d4c5486d589ff567367e772144e6d051080f8bdca35193a
SERVER_TRAFFIC_SECRET_0 341cb26127b643f910b03f55c414630d6531cd8eda63616a83495806560539bf 6d5b3630934ac4a175e5013ed56108eeb117b78b8b24febeb3ed77c3df8d69f6
EXPORTER_SECRET 341cb26127b643f910b03f55c414630d6531cd8eda63616a83495806560539bf c9b26c574ebfd7b0beb1d918933e107c62b0c6c994497481bcef6900d4be8d4a
CLIENT_HANDSHAKE_TRAFFIC_SECRET 6a24d73fadb7c34d5de4c67a07e20174f79ef0d897ee9f3039c055001c3211ba 0db51ba7f960a0d4c4e9eecaeee4a2d34a10a6605c4c59b4504fc1475f38ddbe
SERVER_HANDSHAKE_TRAFFIC_SECRET 6a24d73fadb7c34d5de4c67a07e20174f79ef0d897ee9f3039c055001c3211ba aa40e4a129fc0a8afdbce7a1fc99822172fface97699533f01c3dc4adad43b15
CLIENT_HANDSHAKE_TRAFFIC_SECRET bc207b1db99ca59b7d371ccb88a6729d43bfa486c95b68f83c0e7148b75e7ef8 2b8d9bd9e45db670d04c08fee49bbeed6ce946919c7fe5295fd5e41bcc81a21fc842f6df024cc4d383017e03f8f70de1
SERVER_HANDSHAKE_TRAFFIC_SECRET bc207b1db99ca59b7d371ccb88a6729d43bfa486c95b68f83c0e7148b75e7ef8 99c0aaf3ac8c9dee89dd91107dcf1ef95294871023d96edf0dfa81e66004d3196c67243b6d2a85820c6b34cb4bbd5240
CLIENT_TRAFFIC_SECRET_0 bc207b1db99ca59b7d371ccb88a6729d43bfa486c95b68f83c0e7148b75e7ef8 e4e8bc69c6b3a875f12c908a6c3d6885108d3b313ab5b465fb039a3e1be88be9e1c7864c2051307a42af3ef67b312bf8
SERVER_TRAFFIC_SECRET_0 bc207b1db99ca59b7d371ccb88a6729d43bfa486c95b68f83c0e7148b75e7ef8 e51133a5807b10dfa5fb24fd5b38a126940e39c1ba5fa042d2d44db187c658c745460d1f94c4a192363bead5a9445901
EXPORTER_SECRET bc207b1db99ca59b7d371ccb88a6729d43bfa486c95b68f83c0e7148b75e7ef8 e9c4c21b8a5183a38cfaf1b9aaaf7d3cb77b5f455734ff97ba99069202b5b1395355cd669ed947ff57a59352226eae49
CLIENT_HANDSHAKE_TRAFFIC_SECRET 884da2b4a9f6594b0205af9e84684765e4f2f44f54c262848899e2e2ee62eb15 05c66e08128cc6be57f80b7beb7b314b910b60086b929a142d24f81f6bdacf019df28a9131e691371d9cca0358b851a5
SERVER_HANDSHAKE_TRAFFIC_SECRET 884da2b4a9f6594b0205af9e84684765e4f2f44f54c262848899e2e2ee62eb15 5721612a3387757dac7e83f0d2316a15071e0e7bb86a2a8410a6515856549e3b6107f499bbeb421596f458bc435b4744
CLIENT_HANDSHAKE_TRAFFIC_SECRET 20322b86f62151ee79ba5d212d875cd6e4c442f2e15459c841334cc6b1e259a6 fbc191134376051dfa8303dc7151cf803263fbe8150c97a3d93c232d8589483d
SERVER_HANDSHAKE_TRAFFIC_SECRET 20322b86f62151ee79ba5d212d875cd6e4c442f2e15459c841334cc6b1e259a6 ab4e6013ddb900841cb3e31d0d09059d2edcec4052fb049cc4f5b9f2c4a6c4cd
CLIENT_TRAFFIC_SECRET_0 20322b86f62151ee79ba5d212d875cd6e4c442f2e15459c841334cc6b1e259a6 846bb69bf121f4373ee6918e6b583aefe4156756bd6a2a47870cbff94233f92f
SERVER_TRAFFIC_SECRET_0 20322b86f62151ee79ba5d212d875cd6e4c442f2e15459c841334cc6b1e259a6 fd17a36f6a309e04989c46208b048bd077407c6d46608cda92ac174643df774e
EXPORTER_SECRET 20322b86f62151ee79ba5d212d875cd6e4c442f2e15459c841334cc6b1e259a6 9668dc81f6d3c71259dd7769d3e1f3c499c014b7fe143b3cdc5ffae69d194e31
CLIENT_HANDSHAKE_TRAFFIC_SECRET 89b6fff8da2048ce2e45b7f7199b0ab52e718493e10c7cc3638aa8a72e1b5b63 91aaa7fa2dec4f1314a1f223434cad0255bebaf61cf9d4e06aae2aceccd60c93
SERVER_HANDSHAKE_TRAFFIC_SECRET 89b6fff8da2048ce2e45b7f7199b0ab52e718493e10c7cc3638aa8a72e1b5b63 cffa6a5ee8522b65b13f58fbc2e662190d74bce64b8369e7c878b3fb7aace4bf
CLIENT_TRAFFIC_SECRET_0 6a24d73fadb7c34d5de4c67a07e20174f79ef0d897ee9f3039c055001c3211ba 4c9fd57a34d9c2bd4310c6eaa3a7b56875ad3f994c049052275bd6f41be0f568
SERVER_TRAFFIC_SECRET_0 6a24d73fadb7c34d5de4c67a07e20174f79ef0d897ee9f3039c055001c3211ba 2335a08ff5bbb288289060f634daa01a0873d7fd5101e5055e7fe9fef0e6a343
EXPORTER_SECRET 6a24d73fadb7c34d5de4c67a07e20174f79ef0d897ee9f3039c055001c3211ba 395fba3ecb794f6189f5e6395a6b01e30556b3513a1be92ba54536414428b33b
CLIENT_TRAFFIC_SECRET_0 884da2b4a9f6594b0205af9e84684765e4f2f44f54c262848899e2e2ee62eb15 8481eb6a14a7b64b6581e7d3a168944ec4e7a0072720aac6134841dadef73fd23fddfe50534c4436c733d33b88b5fd6a
SERVER_TRAFFIC_SECRET_0 884da2b4a9f6594b0205af9e84684765e4f2f44f54c262848899e2e2ee62eb15 91205957b5387f3b595489ff7ffaecf4638c8a280cb7a315ec2eabd8300009bfa3a922f968d72eb69d3d04d9e0601f19
EXPORTER_SECRET 884da2b4a9f6594b0205af9e84684765e4f2f44f54c262848899e2e2ee62eb15 aebd324e03e294b91018b95fd93c73b4268f5a59667c27f45c9c5336dc5cff458792567b5d6d667e3e440ce74eb759a6
CLIENT_TRAFFIC_SECRET_0 89b6fff8da2048ce2e45b7f7199b0ab52e718493e10c7cc3638aa8a72e1b5b63 eb334a12c21f4ee1216a29a805c0f7d112b70ba54d11b6c3f67ecbbff17eba08
SERVER_TRAFFIC_SECRET_0 89b6fff8da2048ce2e45b7f7199b0ab52e718493e10c7cc3638aa8a72e1b5b63 d1f60979c567b76ec73aa8a6146dc50fe6914f33e17c4375b9d2de6e94b9fd5d
EXPORTER_SECRET 89b6fff8da2048ce2e45b7f7199b0ab52e718493e10c7cc3638aa8a72e1b5b63 75c453547611678a3ea93497ea30ec33031a96a843ddfe951655048c417fd918
CLIENT_HANDSHAKE_TRAFFIC_SECRET c90f35b5002d0e1a31d8685a0a3ab96181f5e089d6b3dac8e8d8b832c2a02e53 012004747af7e319f67afc7a372b4b44819fb0c2bbd5a345b52e9bd90eddafb7
SERVER_HANDSHAKE_TRAFFIC_SECRET c90f35b5002d0e1a31d8685a0a3ab96181f5e089d6b3dac8e8d8b832c2a02e53 444ed008adea1ac615e0c215d0587104a30177dbb1e96523853ea64e4b4b3c78
CLIENT_TRAFFIC_SECRET_0 c90f35b5002d0e1a31d8685a0a3ab96181f5e089d6b3dac8e8d8b832c2a02e53 3893beb326ba98bafdab9be430c585fd76cb4eb7858e155d8c903aab8f9ee9f6
SERVER_TRAFFIC_SECRET_0 c90f35b5002d0e1a31d8685a0a3ab96181f5e089d6b3dac8e8d8b832c2a02e53 e94c9a7c09fb4116120c94bd341fadeb0b3e9db0b053a7fb857854c683fbd0e6
EXPORTER_SECRET c90f35b5002d0e1a31d8685a0a3ab96181f5e089d6b3dac8e8d8b832c2a02e53 f178793dbb9d306c05f87a7fe582b5a142f3abc59d3f341acfcd1ae0f471ec93
CLIENT_HANDSHAKE_TRAFFIC_SECRET 6d792a75e6e46dcc388a3f2b8b2ff5148fc66ae478653c282ee8d821e0c3dc55 a1e22c4f26ccc4233f25631270856c2c3ec9d6ec6243f02a40b7e3fb0c8e5f00
SERVER_HANDSHAKE_TRAFFIC_SECRET 6d792a75e6e46dcc388a3f2b8b2ff5148fc66ae478653c282ee8d821e0c3dc55 d66870bfbb31c29dd3ffd4b24939ed2ed3d626ae95bed3a881fbd9a2a3cb5a9e
CLIENT_TRAFFIC_SECRET_0 6d792a75e6e46dcc388a3f2b8b2ff5148fc66ae478653c282ee8d821e0c3dc55 75c1ff029fd565ea79b8088df91d917b1acf4f3cf16bf6f7d75154d62a2b7300
SERVER_TRAFFIC_SECRET_0 6d792a75e6e46dcc388a3f2b8b2ff5148fc66ae478653c282ee8d821e0c3dc55 a93840c97aeb351149093730678a8bff715ee9a179f377b1519b0c6f08cdd1eb
EXPORTER_SECRET 6d792a75e6e46dcc388a3f2b8b2ff5148fc66ae478653c282ee8d821e0c3dc55 50afd6cc39faa4a01a7ddb498605f7b81f2a8e3cd76ee14d26d1def699a7ee8e
CLIENT_HANDSHAKE_TRAFFIC_SECRET 1c93214f354b25f92e5be933680fe2af68fc271de739d184cd50e4494ff5d3d4 d6c74723cf046c6193aaa41144448d8e34724763cae5db1e55cf08d24147c123
SERVER_HANDSHAKE_TRAFFIC_SECRET 1c93214f354b25f92e5be933680fe2af68fc271de739d184cd50e4494ff5d3d4 c868e08f60e9bca60e08287aff4d883f7e58d8ed3ada43eeb8949eb75c69d440
CLIENT_TRAFFIC_SECRET_0 1c93214f354b25f92e5be933680fe2af68fc271de739d184cd50e4494ff5d3d4 edcee372d05ac35707b528dca92c83e6f5247502388c6ec10f7403ba9a3f2076
SERVER_TRAFFIC_SECRET_0 1c93214f354b25f92e5be933680fe2af68fc271de739d184cd50e4494ff5d3d4 6ef59ff3823113fad2813aa8a1c0592fec933cd77c4282ff3713f820db3b87c3
EXPORTER_SECRET 1c93214f354b25f92e5be933680fe2af68fc271de739d184cd50e4494ff5d3d4 2859eedbb7abf4ad204f60e995c4155a17f282fea2a8595fdcffe126ed1721e2
CLIENT_HANDSHAKE_TRAFFIC_SECRET 6886bafda10a46289499746b9e67344bd6d5fffbaa6bc9e337f22ffd3c9d3614 194d26ff41c145047b6a50b30e804e12cf5fc5837c2f678d1916d12ac4050e527a5ff94af7e78aed52189ba9210d3b1c
SERVER_HANDSHAKE_TRAFFIC_SECRET 6886bafda10a46289499746b9e67344bd6d5fffbaa6bc9e337f22ffd3c9d3614 9444286dfafb01ccc8def287f060755624bc6caa3f7f9e2073fcd09e2294d50af13fd46cd9eba84d58b13c4dd99f34af
CLIENT_TRAFFIC_SECRET_0 6886bafda10a46289499746b9e67344bd6d5fffbaa6bc9e337f22ffd3c9d3614 06caf5cb4591324965692c6c03cd2864daeffbe8832b9d426e8a21f8243dda821763576626165ae6f6e4e79d83bc9cc1
SERVER_TRAFFIC_SECRET_0 6886bafda10a46289499746b9e67344bd6d5fffbaa6bc9e337f22ffd3c9d3614 36f4aaa69f9c677c3538688c547ec89aa4228349a93ad832821666aadb9a5e47a53286701396ed8b97b9e34f856d2c14
EXPORTER_SECRET 6886bafda10a46289499746b9e67344bd6d5fffbaa6bc9e337f22ffd3c9d3614 b707895eb2c803f3e11d20f8790ebae8e3fd888c83c4f629673842a92faa60cf8f91bf7f81254f8fc00f4111242c40ff
CLIENT_HANDSHAKE_TRAFFIC_SECRET cf418cf8722d25e90a26c541b7c64af174f3bd5a590f699fc9eb611413516783 fa575aa5bceb0e4092f663faafa712b54aa629cd9f8d0fa3d6f37a81d56b30a3
SERVER_HANDSHAKE_TRAFFIC_SECRET cf418cf8722d25e90a26c541b7c64af174f3bd5a590f699fc9eb611413516783 3ec33d1a928a1428f796b5c3dc2908e1341a3b5f5c19e670e20f1e3d70a559c7
CLIENT_TRAFFIC_SECRET_0 cf418cf8722d25e90a26c541b7c64af174f3bd5a590f699fc9eb611413516783 09e3c337b52a6de497843f7f3b2c1b4c292fb4d4a35ef58431f63b322bd5b615
SERVER_TRAFFIC_SECRET_0 cf418cf8722d25e90a26c541b7c64af174f3bd5a590f699fc9eb611413516783 be083c1370d5227a6cccad34efc159381867532ee2b5f6e7ca60dfdd831b838d
EXPORTER_SECRET cf418cf8722d25e90a26c541b7c64af174f3bd5a590f699fc9eb611413516783 25c8359a1202f3ec5f86a4050d791f294c3e5a640c9e41b3defe02e12986676b
CLIENT_HANDSHAKE_TRAFFIC_SECRET 3f4ca4abce6c880448cea5e64ca822cf38670f77a6d3dbf04429018765b159b2 ca9031b5dab84274469dea4736b581d1473046d0813776519f541580be7497ef
SERVER_HANDSHAKE_TRAFFIC_SECRET 3f4ca4abce6c880448cea5e64ca822cf38670f77a6d3dbf04429018765b159b2 5bb7b225817ad1faa73ea2b52939aed1ba9323b376e5bce0597a32e484d18427
CLIENT_TRAFFIC_SECRET_0 3f4ca4abce6c880448cea5e64ca822cf38670f77a6d3dbf04429018765b159b2 5f6ed7acc4abcd050830952e7c74080aaf32c090486fce7bb13b3454b71e9d25
SERVER_TRAFFIC_SECRET_0 3f4ca4abce6c880448cea5e64ca822cf38670f77a6d3dbf04429018765b159b2 e90b75f7384c6434a8498867730249cb379faa7354f6eb6f8f2e4dab3396a84b
EXPORTER_SECRET 3f4ca4abce6c880448cea5e64ca822cf38670f77a6d3dbf04429018765b159b2 b2e9960b9818b1c923148ea308244ac325ca2ca75e95c9147eb7d2dc3ac32005
CLIENT_HANDSHAKE_TRAFFIC_SECRET abfcec46711a6a5982749e7c42812f1fa39304a529798741d3a21198e3b68042 38da343078a1b0361b3b8a329c60688515379b872cfd2b6583f74d85e03b3521
SERVER_HANDSHAKE_TRAFFIC_SECRET abfcec46711a6a5982749e7c42812f1fa39304a529798741d3a21198e3b68042 8b9f16fd8df1de1302061ae8d3a1c55710ec8e86913e9424d4a1a120abcb5f91
CLIENT_TRAFFIC_SECRET_0 abfcec46711a6a5982749e7c42812f1fa39304a529798741d3a21198e3b68042 6537a54213fb9f448a88684966d4b50ed7843142ece4bfa2011b17c0deec611f
SERVER_TRAFFIC_SECRET_0 abfcec46711a6a5982749e7c42812f1fa39304a529798741d3a21198e3b68042 5bb22ff30cb3e184b37446a97d29a734cc4046ec579abdbb97d28f6f20e0cea1
EXPORTER_SECRET abfcec46711a6a5982749e7c42812f1fa39304a529798741d3a21198e3b68042 a353250fdc2c1d205df9a116194ead2e03c60b87cc7ae288496823ff680d0d13
CLIENT_HANDSHAKE_TRAFFIC_SECRET 8c0b6047697712bf14eea2c28698430815191e63c73137272abeb9512ed991dc e2f1eba72a11c33b2809532a04c84687e6fb8541ac4c78d7ee9af3b6f67c2173
SERVER_HANDSHAKE_TRAFFIC_SECRET 8c0b6047697712bf14eea2c28698430815191e63c73137272abeb9512ed991dc 729be7d7c1733c5682b13dd5148df3963d2286081e44e39d4711f01194419898
CLIENT_TRAFFIC_SECRET_0 8c0b6047697712bf14eea2c28698430815191e63c73137272abeb9512ed991dc 7ca4ce874ad2b9a4ef65cbd075507d13aeb3e99c4100328e3db5bfd12e38c82c
SERVER_TRAFFIC_SECRET_0 8c0b6047697712bf14eea2c28698430815191e63c73137272abeb9512ed991dc 7f481150f4a03c9868009edbe133b3651f81df0ae09ae09dce7b784dafe86382
EXPORTER_SECRET 8c0b6047697712bf14eea2c28698430815191e63c73137272abeb9512ed991dc 7d23a1112b853bf81b57a3029da80b1f8896692958b8c00b92c2e5e6730a6b59
CLIENT_HANDSHAKE_TRAFFIC_SECRET 982e8381cf7e48ec230b7eb624be78855361f1eba487d3247c31ad1065344852 03d98a2d48d933109fc129f33641b0d244db1dc3af6d599d0e1b79a54ee47886
SERVER_HANDSHAKE_TRAFFIC_SECRET 982e8381cf7e48ec230b7eb624be78855361f1eba487d3247c31ad1065344852 6fd682389197d35f1652823bbd845ea834d26641f270b83785829bad6078be5f
CLIENT_TRAFFIC_SECRET_0 982e8381cf7e48ec230b7eb624be78855361f1eba487d3247c31ad1065344852 543622507bf6dc30d162208ecd0dd3f94680b0c7593a90ae7c666eda66a7c7ca
SERVER_TRAFFIC_SECRET_0 982e8381cf7e48ec230b7eb624be78855361f1eba487d3247c31ad1065344852 571d99e7693745e5c7b44927aa140bca137d3a3bffd3e42185497fd2cb47aaed
EXPORTER_SECRET 982e8381cf7e48ec230b7eb624be78855361f1eba487d3247c31ad1065344852 49634da1f6937a17c0a49bec428644b1812d56b717a7ae1d53727e99c9dfdb3e
CLIENT_HANDSHAKE_TRAFFIC_SECRET db37195e63cd279c0f9dd401eac785ed33bb8c138b9ce8e50cc90daa48d76eac 3572982df35d671ef15b734335c2770e97a80155833e4d906d1c9ee54eeab992
SERVER_HANDSHAKE_TRAFFIC_SECRET db37195e63cd279c0f9dd401eac785ed33bb8c138b9ce8e50cc90daa48d76eac 3397be329e82fd6064c0a714940052b904868491db1367b5c392f95e7e246567
CLIENT_TRAFFIC_SECRET_0 db37195e63cd279c0f9dd401eac785ed33bb8c138b9ce8e50cc90daa48d76eac c0cd58118c8317448e63680929f1bd24cf86e0b44f11eaeb660f21eb661d5ce0
SERVER_TRAFFIC_SECRET_0 db37195e63cd279c0f9dd401eac785ed33bb8c138b9ce8e50cc90daa48d76eac 245cf390212d13c3a4fcd6db155ccb44115312c3f820eebc680372d807d0a829
EXPORTER_SECRET db37195e63cd279c0f9dd401eac785ed33bb8c138b9ce8e50cc90daa48d76eac fa12a217551ca1b2c488a0998c4654d276eefbfe56593cd05cef9f65125a37f9
CLIENT_HANDSHAKE_TRAFFIC_SECRET 3e3e3ca345d1b48a801bea67ce3fe57a5d6afabee22827e95ea4804031de6230 beb6ddd698b5db7b6d1e31412e01814c81370555c79e7025f865e3f6920eeebd
SERVER_HANDSHAKE_TRAFFIC_SECRET 3e3e3ca345d1b48a801bea67ce3fe57a5d6afabee22827e95ea4804031de6230 395aeb94b4f2cdccc1acc2e1f7e43502b404fc1c77b293db3502d7df5aeca02b
CLIENT_TRAFFIC_SECRET_0 3e3e3ca345d1b48a801bea67ce3fe57a5d6afabee22827e95ea4804031de6230 bcdbf9894f6db7625aa6d0e3b97b68d43a5a8b644ebd31275b215528826caeb2
SERVER_TRAFFIC_SECRET_0 3e3e3ca345d1b48a801bea67ce3fe57a5d6afabee22827e95ea4804031de6230 68dd97be6948b638dde4a67eb566dcc380afd9fa84d8e6b05a48fbc0b9f7513e
EXPORTER_SECRET 3e3e3ca345d1b48a801bea67ce3fe57a5d6afabee22827e95ea4804031de6230 8bdebe96ec8c34b1c5b19a550ecc10df87f00ec801fb1deb826ceec17b45f5ad
CLIENT_HANDSHAKE_TRAFFIC_SECRET 1134005e6f7eff08d2ddbcfa193e7f152b65b3a50e6492be7e888f6e6cb5915e 45d5d0023a5e9b278d38defe5891a4fcf1531244b05065f996d07e2006d7c8d4
SERVER_HANDSHAKE_TRAFFIC_SECRET 1134005e6f7eff08d2ddbcfa193e7f152b65b3a50e6492be7e888f6e6cb5915e 211427b24b6ebeef1e8e714d8bc9fcd3bdf72c476be44644b3c6f16d8aabde6c
CLIENT_HANDSHAKE_TRAFFIC_SECRET fd7bf2010177cf25783a74c766771e1904e635a77eb68e4929a53a676a1bca1e 66ec3b67ee1f627025b1ee5e0b2a1988cbb9246b022dcfec268ad06eddc74fdf
SERVER_HANDSHAKE_TRAFFIC_SECRET fd7bf2010177cf25783a74c766771e1904e635a77eb68e4929a53a676a1bca1e 39bd6cf0da78e43deb6f10863bfab422df36fe6203e4033e21390623af0d3e0c
CLIENT_TRAFFIC_SECRET_0 1134005e6f7eff08d2ddbcfa193e7f152b65b3a50e6492be7e888f6e6cb5915e 37a040e7723fe7dccf11d5f1879a50aa6b7e1fc41c2a45e7be59107f2320a450
SERVER_TRAFFIC_SECRET_0 1134005e6f7eff08d2ddbcfa193e7f152b65b3a50e6492be7e888f6e6cb5915e 52c64effbfeced3ae58c9311674f235ebbba7adebc310786df60cf0bde65f5db
EXPORTER_SECRET 1134005e6f7eff08d2ddbcfa193e7f152b65b3a50e6492be7e888f6e6cb5915e 8f681c09ca9bf5fa77e31e29669625c57007f39d8f04fcd4984830000e9e997d
CLIENT_HANDSHAKE_TRAFFIC_SECRET 2521c344b380d3b86bb45bb28db88ffd466bb057e5458d38f59dc73bb404748c 1ad4d97602812754f396ba923ae423a4f273be95061b2395753086df33799267757743e426c087e409a378b780aa0277
SERVER_HANDSHAKE_TRAFFIC_SECRET 2521c344b380d3b86bb45bb28db88ffd466bb057e5458d38f59dc73bb404748c daefdc4da08a69fe5f2e782543ca3d7eda96dd9090088ac53e54a992dd61758e5fd848d7100a6dfbc7b28ef45ffd1676
CLIENT_TRAFFIC_SECRET_0 fd7bf2010177cf25783a74c766771e1904e635a77eb68e4929a53a676a1bca1e dced6604dae513bf556d22734161f260f9431c620ec42f0f736a90f6d4eadb57
SERVER_TRAFFIC_SECRET_0 fd7bf2010177cf25783a74c766771e1904e635a77eb68e4929a53a676a1bca1e e98af7f52cf8bc515ef6bb9ccac60b8f56456c9f3893fdfdb3dbcb394dbcb52d
EXPORTER_SECRET fd7bf2010177cf25783a74c766771e1904e635a77eb68e4929a53a676a1bca1e 278d833d57dfc3bb2f21b64fbd5a9c8a5286e600e5d15e29e74e64f845ee939d
CLIENT_HANDSHAKE_TRAFFIC_SECRET f53177d22fe4e2e7c47ac83fdba4a32a5e06928d2b0b0c04a1ead663a0320756 f23f08f7de4ea47d4bd2ff7d54e9530ccde2730533a1638ec43cb6f58cd47ea3
SERVER_HANDSHAKE_TRAFFIC_SECRET f53177d22fe4e2e7c47ac83fdba4a32a5e06928d2b0b0c04a1ead663a0320756 ff926d3e4fdccbb50a82371b417dab102ec19923e2ba5ed5f1c2afbf09650fe9
CLIENT_TRAFFIC_SECRET_0 f53177d22fe4e2e7c47ac83fdba4a32a5e06928d2b0b0c04a1ead663a0320756 f611816699b6bb25e6dd975fc1397baeab8fc4bad12a4acb6f7291541ffcc259
SERVER_TRAFFIC_SECRET_0 f53177d22fe4e2e7c47ac83fdba4a32a5e06928d2b0b0c04a1ead663a0320756 818d243a024586645be914f42d9e9be1abfd6f965fa43cc7509295e1a8a9349f
EXPORTER_SECRET f53177d22fe4e2e7c47ac83fdba4a32a5e06928d2b0b0c04a1ead663a0320756 963078d6cfdcce63c0d97d93f75b106d094253443e1e33809dfffc3678999638
CLIENT_TRAFFIC_SECRET_0 2521c344b380d3b86bb45bb28db88ffd466bb057e5458d38f59dc73bb404748c b9c0d76e357d4f9e86cb70cb4f569a497bd7828d31d609f957baeb0eceed8223f8472c99d721ad0a1d2ebefa160c44cc
SERVER_TRAFFIC_SECRET_0 2521c344b380d3b86bb45bb28db88ffd466bb057e5458d38f59dc73bb404748c c52f58b850c0b8ddd20c6e6bf14b679201f498c5f06bf59caf06d8c2ff47dbd48e16f6031ef259390c439caa7e4755e2
EXPORTER_SECRET 2521c344b380d3b86bb45bb28db88ffd466bb057e5458d38f59dc73bb404748c 07edb34d60391cd13873dac49739c623d2fcb48c4a4eb5066e85a85a1e2a560eeed230d04114953effe30c85ac677a80
CLIENT_HANDSHAKE_TRAFFIC_SECRET 5bc565fa7b77cb22d8608dd0c6b403385ac9e6b8c849ce58a88e5dd4fb216674 671d989d723914250bd55abeac603c93968879f532ead097d12ebae2197b0390c583e817ab2b11d3b7d8e6e3f7cf0c6e
SERVER_HANDSHAKE_TRAFFIC_SECRET 5bc565fa7b77cb22d8608dd0c6b403385ac9e6b8c849ce58a88e5dd4fb216674 fb816f2462979a6d1e964a7091a4ca6f7b5310b1ebcc29115167e6afa4248742fe213b6fd06f3f6d0191cb76b40bec3e
CLIENT_TRAFFIC_SECRET_0 5bc565fa7b77cb22d8608dd0c6b403385ac9e6b8c849ce58a88e5dd4fb216674 e330e39bafd7ae26626c787d75adfda58c8ccd2c53e9f647a26d6b9cbf9f0aaee36246c877918854e5318c1c1fbcb06f
SERVER_TRAFFIC_SECRET_0 5bc565fa7b77cb22d8608dd0c6b403385ac9e6b8c849ce58a88e5dd4fb216674 9e54c0462e5991654db21d46ba24d039ab3bed9643a9e392fdf50e6d53e6c684ea8dc293ca2f90592f0ab2a3a639f3e8
EXPORTER_SECRET 5bc565fa7b77cb22d8608dd0c6b403385ac9e6b8c849ce58a88e5dd4fb216674 71b4521856855763d9394a4c8829c073eb060179357e5afca94bb446d1a699dad7b6ea462d50d8e801ea9dd4c5a3819f
CLIENT_HANDSHAKE_TRAFFIC_SECRET d9af4b05d74227721c6f3952684bfa3fd1b1aac4804d022525799d701dcecb09 db4aec3d1a83a2592b5a352c35825443cf40ba6ce9a9e2fc8f7cc81bb05ae3595a38e1cc123b2406a2baa38ec8d755d8
SERVER_HANDSHAKE_TRAFFIC_SECRET d9af4b05d74227721c6f3952684bfa3fd1b1aac4804d022525799d701dcecb09 ca030b69d4eeb242f802eb4e073d1c5697b72a27cff13c4c49968f8ebeed82daab603d26641b9a0514595cb980f95f6e
CLIENT_TRAFFIC_SECRET_0 d9af4b05d74227721c6f3952684bfa3fd1b1aac4804d022525799d701dcecb09 0e34e9ab6b13955aeddbe22d1e97770650acbe778adf77635c893d2b6f0823dc7a9f6dcd95d350bab445e8fcaf8b0efd
SERVER_TRAFFIC_SECRET_0 d9af4b05d74227721c6f3952684bfa3fd1b1aac4804d022525799d701dcecb09 6d858ba7e638cbf7640c3a1703c8d14b273bc0602237da7af94de71d1401556d7103e029149426aa2f2ebf37318f42dc
EXPORTER_SECRET d9af4b05d74227721c6f3952684bfa3fd1b1aac4804d022525799d701dcecb09 62900136c80ecaa4ecf398e6236f91cdbbd3bdfc4b6993d08a7dba2d998906e6d438e45e46e7b11e01214402c3c5b132
CLIENT_HANDSHAKE_TRAFFIC_SECRET 6d7ca58071c46eb26e25b7ab75f51a330094974de61b382e55051ee8a9167e9c 78aaca7eb03521b4b6d76f0a6cda93c2bbf43d62f0765c844bf47a616eb8d16b87ed2a9ea970ced04f64f2db85483b80
SERVER_HANDSHAKE_TRAFFIC_SECRET 6d7ca58071c46eb26e25b7ab75f51a330094974de61b382e55051ee8a9167e9c 2a6618f7a5781fd16abf5ba4f21fd9d9a79b93dc3d17e01da540a78424ea9b3d30fb66bab00e0a2e77bcf63fb946eda3
CLIENT_TRAFFIC_SECRET_0 6d7ca58071c46eb26e25b7ab75f51a330094974de61b382e55051ee8a9167e9c 6a6c1be2a7f9ba95c02e5315f3b5f22d1faa35d2165fe4b7255db751f977be6cbd3163aa698290352c8a2e516c9a469c
SERVER_TRAFFIC_SECRET_0 6d7ca58071c46eb26e25b7ab75f51a330094974de61b382e55051ee8a9167e9c 6bfbf6f57c883be54be0310192b58fbb41025689fed2592bf7c7c2be6764bd87aeafa956ea50ab2bc6f4d2de2cac46c9
EXPORTER_SECRET 6d7ca58071c46eb26e25b7ab75f51a330094974de61b382e55051ee8a9167e9c 35a6d71215be1bffd723ec435a86173c9eca3095f7b0b5bf13014967505c5d6ad44dc90f5948988a56c670b6006c4ac5
CLIENT_HANDSHAKE_TRAFFIC_SECRET 018d28d94775f9f0dacc90ce86ba92983462cd4c85023d56b966720d672a53fe 00dce5913d70fc2b631fe15210288ef9212196ba1c86d98bb05f6d58a006cb2e
SERVER_HANDSHAKE_TRAFFIC_SECRET 018d28d94775f9f0dacc90ce86ba92983462cd4c85023d56b966720d672a53fe 1481791080e2dd9cfc82a57c0b94c399d7730a540ea3869ede41eab5db22c5b1
CLIENT_TRAFFIC_SECRET_0 018d28d94775f9f0dacc90ce86ba92983462cd4c85023d56b966720d672a53fe f18b3579fc456b040f0dd7354d26b79ea1045a27e8179694c7600dfa210388cd
SERVER_TRAFFIC_SECRET_0 018d28d94775f9f0dacc90ce86ba92983462cd4c85023d56b966720d672a53fe c1f41c1ea30a66d3819c88c3b5231b178bdbc546eca3e563f59c3ae9bc57c080
EXPORTER_SECRET 018d28d94775f9f0dacc90ce86ba92983462cd4c85023d56b966720d672a53fe 8539c5772a16a9917cf9023b4e047ffbca8cd0558f45fd4414dedc90cb30d501
CLIENT_HANDSHAKE_TRAFFIC_SECRET 529d1dc4497ca0e2c6d5ed78b56464a8a3a0b2b4e3606671324fd0f55644b85b f6915554c8d688c656b7cc1c4ec2e572888dc970db9b323b524c3a2f4159a788345a895906a5914138ed566f06da02f9
SERVER_HANDSHAKE_TRAFFIC_SECRET 529d1dc4497ca0e2c6d5ed78b56464a8a3a0b2b4e3606671324fd0f55644b85b 8f38b17643ba91d9aae360adc914119c27803f1820d8deadb73e19983d22ca4f59fdaaf1671b47fb83d6565b3d1d0d2d
CLIENT_TRAFFIC_SECRET_0 529d1dc4497ca0e2c6d5ed78b56464a8a3a0b2b4e3606671324fd0f55644b85b 81666d90ded5e49eb529189bbc352a89513f3f5c494f835827b09bf4e4bd1a0bb87d4a627c0bf817de53ce97759d89bf
SERVER_TRAFFIC_SECRET_0 529d1dc4497ca0e2c6d5ed78b56464a8a3a0b2b4e3606671324fd0f55644b85b 70e95603d879408189cc7019c6834e9fd8017e23212e0d60145d616cd6742c2930ae2670a31b9398a11189a699fc00e9
EXPORTER_SECRET 529d1dc4497ca0e2c6d5ed78b56464a8a3a0b2b4e3606671324fd0f55644b85b 64784dfa47a024f69e9771f1c9d6f87b7981b14fc772dc36b1650e97eb54ab788dc99a6fb0b53979b3a10337f500e205
CLIENT_HANDSHAKE_TRAFFIC_SECRET c41e0ed167c5958e63250f714b3301580b8d1531d2e41769b8a376fd6a613148 33c2af923768ad24fdcee5c77ebf4a42dffb3770e342ff07e4f209cfd863c4426581d99e5a3559e6079ea42ffb845fd9
SERVER_HANDSHAKE_TRAFFIC_SECRET c41e0ed167c5958e63250f714b3301580b8d1531d2e41769b8a376fd6a613148 cf7e421d972d4d32b1e0d6c926841a68c57da4d4d6ef72e033cc185cf07e44b4ad1f49dde2240561f14df4791e47b9df
CLIENT_TRAFFIC_SECRET_0 c41e0ed167c5958e63250f714b3301580b8d1531d2e41769b8a376fd6a613148 224041795ea915f2523ba2f23fe8eb2990510638f3627f86927f37e4a03119e5a860d0a6d6ac6ffa84271884c96c9568
SERVER_TRAFFIC_SECRET_0 c41e0ed167c5958e63250f714b3301580b8d1531d2e41769b8a376fd6a613148 ee70cd5a3160c2a3200f8d25a48ad4e4842ef46231e163091a84339072744f14db1d862672b2da0d72d71283eea7100f
EXPORTER_SECRET c41e0ed167c5958e63250f714b3301580b8d1531d2e41769b8a376fd6a613148 4b19bcd8f25744a43a24f9052541fe2c4583e7fa652077008af11d196832b0231fab65165e702c81f86c3679b089f742
CLIENT_EARLY_TRAFFIC_SECRET d1bc839e4ebcfb23a5f4e4f518fc1bd988cebb9faf589b20af42d899ba13659c c06de980b17098d441945f3217f5e748dd1a1ef5b72d7c05d3b57b7c5f829ee73fddec1c4b69199fed91295ac54736c9
CLIENT_HANDSHAKE_TRAFFIC_SECRET 26a9a67bc3f1b7302a8280a3cf9ebf2f25d34fe104b1989d7282e3b99ec05ca9 422fcd5a541b411f80c60ba3d1a3a7fdbd8699627e7fb1e563c68759560b4055f4c45745b354dc59dd394e430515a67d
SERVER_HANDSHAKE_TRAFFIC_SECRET 26a9a67bc3f1b7302a8280a3cf9ebf2f25d34fe104b1989d7282e3b99ec05ca9 bf804562249fcdf11d5318994e3e9b68ace814dea9629d0df5e15d0a41e0499025702b3bf1eaa8ea2f0f59c51c1ffd86
CLIENT_HANDSHAKE_TRAFFIC_SECRET d1bc839e4ebcfb23a5f4e4f518fc1bd988cebb9faf589b20af42d899ba13659c 49491b8e88bcdc6a9cfc3a71b659b9fc572830954d7b275786de3b2cb6188b4d064ed3a842035b277c92c9c3d3317ddc
SERVER_HANDSHAKE_TRAFFIC_SECRET d1bc839e4ebcfb23a5f4e4f518fc1bd988cebb9faf589b20af42d899ba13659c 85861db510ddb90ebc3e7fef46e4a86fa701b4fc0693f4c531cbf6293ec1630bc543ff1487d71a69ff1de5b4c2a757ab
CLIENT_TRAFFIC_SECRET_0 d1bc839e4ebcfb23a5f4e4f518fc1bd988cebb9faf589b20af42d899ba13659c f6cf79fa26651c9acb34a651fa9d5a9e9c1517c9b790d3d8c866335bb89ab64fe72bb91e6a3506fb907bfbc0ad0608fe
SERVER_TRAFFIC_SECRET_0 d1bc839e4ebcfb23a5f4e4f518fc1bd988cebb9faf589b20af42d899ba13659c 710a4e56cf018ec458f3edfdc36a3d2634d6505ed869e1b8e8825b97e8c73964792ca91456662bce37e00a746d3ec04f
EXPORTER_SECRET d1bc839e4ebcfb23a5f4e4f518fc1bd988cebb9faf589b20af42d899ba13659c adb32db5887b16df9b66c1ccfc9777074d619f050137c655df038e92f31321c75754b4b5be69b17566f84efe5f6c1085
CLIENT_TRAFFIC_SECRET_0 26a9a67bc3f1b7302a8280a3cf9ebf2f25d34fe104b1989d7282e3b99ec05ca9 ad679fb51dd0c56273d0548ef154ac527950071fa9ded5509ad03310b8ba415c205a3ec800fe5ee678be7d35e3af667e
SERVER_TRAFFIC_SECRET_0 26a9a67bc3f1b7302a8280a3cf9ebf2f25d34fe104b1989d7282e3b99ec05ca9 2f12f3adf8eae69dbb3861c5a28301d68e644f6774259ba822e80dc9ccadab31d387c18cde3f1794f4faf353e7886a66
EXPORTER_SECRET 26a9a67bc3f1b7302a8280a3cf9ebf2f25d34fe104b1989d7282e3b99ec05ca9 c25d3fc4d512ed9eebb6998a4d7cc24e96e0637a771a58f33678ee670977e84b9878948b4efb94c92191c7e2927cd01c
CLIENT_HANDSHAKE_TRAFFIC_SECRET b7a1e329c83189138d100919d7f6b77ab52546b1f0bcef0b3afa7edbd2884297 a465ca0b4e15417009bc0dbf4a4a8bc269f8637346680f697131b8ca8d1f44b993bedea83abebf3e7a933a5475b53194
SERVER_HANDSHAKE_TRAFFIC_SECRET b7a1e329c83189138d100919d7f6b77ab52546b1f0bcef0b3afa7edbd2884297 0741fcd36df22934a95e7eec8d1ab4ffac6ce0c808ef0c50b65a5cc8d4c109ecbe7a3bdd8d61429d8dc8ff4f2a4e690e
CLIENT_TRAFFIC_SECRET_0 b7a1e329c83189138d100919d7f6b77ab52546b1f0bcef0b3afa7edbd2884297 578f639d47a8ccf9d476f02f5b866982fdfe54b70e603b74f0af87549814b92d5e4067cda88217e8195353156705d04f
SERVER_TRAFFIC_SECRET_0 b7a1e329c83189138d100919d7f6b77ab52546b1f0bcef0b3afa7edbd2884297 82fd03bd24c008f9811517fc33b282702d140ba426c17d129a212c053977309dd1bf1469b0c30e69a8800991c4ce7443
EXPORTER_SECRET b7a1e329c83189138d100919d7f6b77ab52546b1f0bcef0b3afa7edbd2884297 8720200ce5b645d5ab93ce21a3d32d3ec1c048c84ef1d16c41474facfff2ab01f3949acd80748a1f69538ed59e367be5
CLIENT_EARLY_TRAFFIC_SECRET bbd26b23c70af8d88e59b4b32d416fd2dfe83693a4c1e8d0d31b01b7ff3e80be a66a6eff4459294aa52fcbf35d829075d1a7efb7ee835c21846d3d83988509e0
CLIENT_HANDSHAKE_TRAFFIC_SECRET bbd26b23c70af8d88e59b4b32d416fd2dfe83693a4c1e8d0d31b01b7ff3e80be d47969b5c1be89bf274a9cf6129b1bde83c81522463ae7f1392c7be1ed6f16b6
SERVER_HANDSHAKE_TRAFFIC_SECRET bbd26b23c70af8d88e59b4b32d416fd2dfe83693a4c1e8d0d31b01b7ff3e80be 96cead082af43176de5932d38723ff647ff6afbb24ecfd3e00c7c724dfeb26fe
CLIENT_TRAFFIC_SECRET_0 bbd26b23c70af8d88e59b4b32d416fd2dfe83693a4c1e8d0d31b01b7ff3e80be 6edff03b27e2cffa4ba02db1903eab837687817f3f408e407b9682b50ad3046e
SERVER_TRAFFIC_SECRET_0 bbd26b23c70af8d88e59b4b32d416fd2dfe83693a4c1e8d0d31b01b7ff3e80be 6f63460a4ba9574eadc2b37b7f430508f68a79a495a5c883bea65385858b84fc
EXPORTER_SECRET bbd26b23c70af8d88e59b4b32d416fd2dfe83693a4c1e8d0d31b01b7ff3e80be 67fb6758aa65ac6d38f5dc085d026796e52bd94388402c9ea3d78c5e8eb3972a
CLIENT_HANDSHAKE_TRAFFIC_SECRET 74827e60740ca2cac52b5c85225fb3eae739b4ed8b2f12ccff7364211d838701 e35de571e3f61790c6174394e81334c3f6abb332585d77d07f680ffa5ebb6c84
SERVER_HANDSHAKE_TRAFFIC_SECRET 74827e60740ca2cac52b5c85225fb3eae739b4ed8b2f12ccff7364211d838701 0abe1a58b5c6b2df0b7e088edc449e924a5e24bfeab1368a80b74c478392f441
CLIENT_TRAFFIC_SECRET_0 74827e60740ca2cac52b5c85225fb3eae739b4ed8b2f12ccff7364211d838701 67e743001fb9014d02b296cc9d5c0f429eb016e1f29b185695b25e3ee0eb5f24
SERVER_TRAFFIC_SECRET_0 74827e60740ca2cac52b5c85225fb3eae739b4ed8b2f12ccff7364211d838701 79bad30a96d3d32f0abfeba45df70e39cd286801f99ef79146219450c32b46ce
EXPORTER_SECRET 74827e60740ca2cac52b5c85225fb3eae739b4ed8b2f12ccff7364211d838701 e23eb86bc379eaf823e807fbc53997777473b06ae80fd318e995bab7b0baba0d
CLIENT_HANDSHAKE_TRAFFIC_SECRET 615473c6eaec703987071e70f4302d9915bef713c4175848f699cccf116c7eb9 813e9aa5ea8ab22559d3cddc765b01b58a6f2999dbcf6e542bbcd53165e4c073
SERVER_HANDSHAKE_TRAFFIC_SECRET 615473c6eaec703987071e70f4302d9915bef713c4175848f699cccf116c7eb9 287c42c60b2186192778a1caea7a295e07e4ba7a7fb8205667dc3ff8f4a47b81
CLIENT_HANDSHAKE_TRAFFIC_SECRET 8ecb64ee3a9ae99bddfc3c385ecc505ef019d1f1d512fd6df7a2a244ca12348d 632dc3aec528a29eb7233811b643abdff13cf1c4aa650ab2d04ab0cd632f20ed5b6d511d41d986a54f05c28b07b91f65
SERVER_HANDSHAKE_TRAFFIC_SECRET 8ecb64ee3a9ae99bddfc3c385ecc505ef019d1f1d512fd6df7a2a244ca12348d 6ca7a9cfb5b5bb02105fa20b2a722a31986923b5deefa053b95f3b851302786504fa2f9e2ef2be7390185e0ad170409b
CLIENT_TRAFFIC_SECRET_0 8ecb64ee3a9ae99bddfc3c385ecc505ef019d1f1d512fd6df7a2a244ca12348d 29b8a19d6d452dd5fa433a8be22dbbeeafa2eaff38f6e1e7c9152c1a6f57cba6ebed28c2067a6e83dd72dee3dd64c8d2
SERVER_TRAFFIC_SECRET_0 8ecb64ee3a9ae99bddfc3c385ecc505ef019d1f1d512fd6df7a2a244ca12348d 086de4439d0fee5ef9c2f527ad042c62b59c85902f65e4e6fa991d5baa7234f9b794fbbd9464d9c8c4a9e035f6ba1ea9
EXPORTER_SECRET 8ecb64ee3a9ae99bddfc3c385ecc505ef019d1f1d512fd6df7a2a244ca12348d d6116672e5cf2224be235249d8f6eade4cac695a4b0b70a21807ad48c0bfbae7c4c660eba61ffa5120752caae6de8e0f
CLIENT_HANDSHAKE_TRAFFIC_SECRET 1c9b262f6935d43eacd55716b169e102e3789e5f237164108ac8642e99f1e657 22103929d32556140df8a42c310da0605771d39ce2eaf1ee661fa2db8a80ae2c
SERVER_HANDSHAKE_TRAFFIC_SECRET 1c9b262f6935d43eacd55716b169e102e3789e5f237164108ac8642e99f1e657 966d39e8096f06b6a7f0a72016858cfb09f246e7002fc74795e53fcdaa9a61c7
CLIENT_TRAFFIC_SECRET_0 1c9b262f6935d43eacd55716b169e102e3789e5f237164108ac8642e99f1e657 a53d5dab3768ab0b770fa8935e9eddb1c884766333098aa108d9fc57b0e56bc3
SERVER_TRAFFIC_SECRET_0 1c9b262f6935d43eacd55716b169e102e3789e5f237164108ac8642e99f1e657 d5630dfb180719b20c21e404d3d9711aa697b00210f8582d1acda058106b3efd
EXPORTER_SECRET 1c9b262f6935d43eacd55716b169e102e3789e5f237164108ac8642e99f1e657 0e634f38bf63cdc78ada58ad20cb923fb5d16c5e41a79c3dba4a2fef433c9256
CLIENT_HANDSHAKE_TRAFFIC_SECRET 13ec70b665f03c97597df43565bfa8f5069e26f5077a1b6a70d3f02e4787acc4 252fc01a4e6474f5065b9e37d998d1c981f0b10b685f7d3b9f832f8b8070953ff48b973381a34bda4fe51e850c47c324
SERVER_HANDSHAKE_TRAFFIC_SECRET 13ec70b665f03c97597df43565bfa8f5069e26f5077a1b6a70d3f02e4787acc4 d5dae0699d20a85a50c311491c62e199f7efefa2faad95cc2c977683bd33d6401a370c6a76c0bbbc191075269d5c31dd
CLIENT_TRAFFIC_SECRET_0 13ec70b665f03c97597df43565bfa8f5069e26f5077a1b6a70d3f02e4787acc4 8c659328d33f0ce2a480fe86d358941f0c9c24b3013bbe4ed6eeac9c002aadd5022adaab3cae123ddf9a150e7ed1afb8
SERVER_TRAFFIC_SECRET_0 13ec70b665f03c97597df43565bfa8f5069e26f5077a1b6a70d3f02e4787acc4 3d897a3527e6073b16e602fb18544cfa74559404d16c1039f7631b232dbf05c63b83f9342d897a4153d7c6f88c839df9
EXPORTER_SECRET 13ec70b665f03c97597df43565bfa8f5069e26f5077a1b6a70d3f02e4787acc4 8c2a7f6191877f1506f053448c106ea3afc111c15cf6c16889dd4cd09cf44a0bfa68320d2d1e674741922f240a2578b0
CLIENT_HANDSHAKE_TRAFFIC_SECRET d797d096e2ee7f7015553e6ee282a56bdd3012f8739d67eecb7bbdb546ee440d ebc991f246b343520ade3b06825be316d66422b95aa758c6eca840657739cbde
SERVER_HANDSHAKE_TRAFFIC_SECRET d797d096e2ee7f7015553e6ee282a56bdd3012f8739d67eecb7bbdb546ee440d 55b648413f7055e63d96684ad83ac004da1fb0ce884e01f761ae5d8c8cd6d54a
CLIENT_TRAFFIC_SECRET_0 d797d096e2ee7f7015553e6ee282a56bdd3012f8739d67eecb7bbdb546ee440d e714fa6f2a8db28cc285c3a276d93622e4ceadd67a140b85dc79b403f2ec0310
SERVER_TRAFFIC_SECRET_0 d797d096e2ee7f7015553e6ee282a56bdd3012f8739d67eecb7bbdb546ee440d f4deda69ec56b1d6361aeaec6909077b3e7682a47de589fa5f934a2eb97e2261
EXPORTER_SECRET d797d096e2ee7f7015553e6ee282a56bdd3012f8739d67eecb7bbdb546ee440d a7391d5f0daa5c5c5f0cc63cde098fd96008ec8520635149c8cd2f1b1871b2c8
CLIENT_TRAFFIC_SECRET_0 615473c6eaec703987071e70f4302d9915bef713c4175848f699cccf116c7eb9 534b8ced4e718be4bb013675941f7eac804a2d40860362feef9756d0a9bf19f4
SERVER_TRAFFIC_SECRET_0 615473c6eaec703987071e70f4302d9915bef713c4175848f699cccf116c7eb9 18ca8350cb7ca442ba03deb36f9958a8bd5699c645e66c34cab5cd91785557f7
EXPORTER_SECRET 615473c6eaec703987071e70f4302d9915bef713c4175848f699cccf116c7eb9 23f8e3ba819774f33343a18ee56fd7f60f40e424075dc1f9498ea25407903844
CLIENT_HANDSHAKE_TRAFFIC_SECRET 1d4bfea22414cc70985db6bf131eb173c386bf388a5afc21740af1f9a40e100b 6b8fc58dfa84dfc459e458aad9121bc755a7796ac82a65706ee5a63a77b4d809
SERVER_HANDSHAKE_TRAFFIC_SECRET 1d4bfea22414cc70985db6bf131eb173c386bf388a5afc21740af1f9a40e100b 7657ce8853983fbcb6d68261ed02271f4ae7b7a36009c84f8f2b851032196e15
CLIENT_TRAFFIC_SECRET_0 1d4bfea22414cc70985db6bf131eb173c386bf388a5afc21740af1f9a40e100b 497965d0a7a1a90df8064c176aa52a0c446431cc3836a66bc4a729e8add21c35
SERVER_TRAFFIC_SECRET_0 1d4bfea22414cc70985db6bf131eb173c386bf388a5afc21740af1f9a40e100b 601d08e072df490f9938acb7b7c70b27726a095a1e6f588c9c4e4bea8c519834
EXPORTER_SECRET 1d4bfea22414cc70985db6bf131eb173c386bf388a5afc21740af1f9a40e100b d7ba1e0b32f6e07478c0619664dd193ed5aee1c99bf395145b40d8f83854f400
CLIENT_HANDSHAKE_TRAFFIC_SECRET 9df7b4b5d23277c9c8eedaac7b114936b58817c6be2dda4ea1a05b87d20bb127 1366ae1484771413448cbeb373a11d2744f27d866af507add6207b4a46d63829
SERVER_HANDSHAKE_TRAFFIC_SECRET 9df7b4b5d23277c9c8eedaac7b114936b58817c6be2dda4ea1a05b87d20bb127 041864ff680af2d92c0a9f016bb57a88450558c68a6a3204f267e3f7baa7a26b
CLIENT_TRAFFIC_SECRET_0 9df7b4b5d23277c9c8eedaac7b114936b58817c6be2dda4ea1a05b87d20bb127 14511662f2eda78082f5ff250a92e147eaa65a1963e50b0cb93e55dec5825e16
SERVER_TRAFFIC_SECRET_0 9df7b4b5d23277c9c8eedaac7b114936b58817c6be2dda4ea1a05b87d20bb127 d42d7dd622bbefb0ee3aa7d36af98948d147ba291ac7cffac2f963ac587ad8c3
EXPORTER_SECRET 9df7b4b5d23277c9c8eedaac7b114936b58817c6be2dda4ea1a05b87d20bb127 52820d32b2c66da08693b611e55cb8c047b5b1195134d8b28e624b1cb90f273f
CLIENT_HANDSHAKE_TRAFFIC_SECRET 2d0335618834f7f0966d6231519b4a99bdea780ece365f2c6470e11b445c091d 4db4a5b55f9b5dcbf5d80c572910866b12af5b699061476dad2cd88657cceb9f
SERVER_HANDSHAKE_TRAFFIC_SECRET 2d0335618834f7f0966d6231519b4a99bdea780ece365f2c6470e11b445c091d 6eaf2b80d785b444668987d569df6af04d8abf76bea4871f93bce2b577560042
CLIENT_HANDSHAKE_TRAFFIC_SECRET 68f919053ec383f75d1f5647ee5c4cd05a0ba33b0e651617adf4053349b982e8 f63a3f2ea02fb74b07df730b5b3976ab578ab62c71b680b5c8efa7584b3d54ae7eacffa8d2fea4b90da46db26c443249
SERVER_HANDSHAKE_TRAFFIC_SECRET 68f919053ec383f75d1f5647ee5c4cd05a0ba33b0e651617adf4053349b982e8 70a64f05831384bc07b72e69742675edf1a23ab0b079632f8eccbe336b7e3561cf18678c2c8dc07b8f597e6e48c31753
CLIENT_TRAFFIC_SECRET_0 2d0335618834f7f0966d6231519b4a99bdea780ece365f2c6470e11b445c091d cda4314cc5c6125453c92b66c41652cc285f5cecf7f8e831400d0c301ab1065a
SERVER_TRAFFIC_SECRET_0 2d0335618834f7f0966d6231519b4a99bdea780ece365f2c6470e11b445c091d b16f7fefed9776f30fd49e4d5a5206bbbec90bafc44a20b80303a46b886c8851
EXPORTER_SECRET 2d0335618834f7f0966d6231519b4a99bdea780ece365f2c6470e11b445c091d 1902ab21bb158ca069836f32778ee1642b4a3b41a020b4c7d86b65f1ac88ecef
CLIENT_TRAFFIC_SECRET_0 68f919053ec383f75d1f5647ee5c4cd05a0ba33b0e651617adf4053349b982e8 25d24e4f861e291800e484029a73731f6833b16c7b7952c3a5955bcbbcb9b60c09af01f9321ca0f966a99726d0a85da4
SERVER_TRAFFIC_SECRET_0 68f919053ec383f75d1f5647ee5c4cd05a0ba33b0e651617adf4053349b982e8 be619caa3fa26042d7ea1ac4701440ff8426be76348cb7b3b216b260d2e5848433ea1d33b7d69f077b79554bb2b13e9b
EXPORTER_SECRET 68f919053ec383f75d1f5647ee5c4cd05a0ba33b0e651617adf4053349b982e8 16349cf99bdceb943ed2b8286557e3d981e4c27b9eb59807daa7f16dc4171279c3ed63450eb5e9a4427fec01805022b7
CLIENT_HANDSHAKE_TRAFFIC_SECRET ad015e3a7bdff06c427d7966fce6af9be02213dbda864c159fb18c7714c24df0 781b73cc5f904af7e8df7df2cf90d4f19fb707b68f60ae2d1e69c041dab495ec
SERVER_HANDSHAKE_TRAFFIC_SECRET ad015e3a7bdff06c427d7966fce6af9be02213dbda864c159fb18c7714c24df0 d46b1977c64e56ce1708a61155ab11dfffe230a81760e6e97a9068824715fa25
CLIENT_HANDSHAKE_TRAFFIC_SECRET a8130c44778238d2d5e071d485700a000b7ba67b752b859ae81f5ad72c959792 f26549a0203a7950070aaf1cd80fdb0776c58a5168fb2f785164a62172234a71
SERVER_HANDSHAKE_TRAFFIC_SECRET a8130c44778238d2d5e071d485700a000b7ba67b752b859ae81f5ad72c959792 cd04af68aca5f1086a7030acd3eeb8f7406b1ea700c71a6ba3bdfbac92459300
CLIENT_TRAFFIC_SECRET_0 a8130c44778238d2d5e071d485700a000b7ba67b752b859ae81f5ad72c959792 550bdb2c1930cbdd17af79edaf670689cccc54cbd8e388afb54ced866c635a37
SERVER_TRAFFIC_SECRET_0 a8130c44778238d2d5e071d485700a000b7ba67b752b859ae81f5ad72c959792 25e52496d238865bffdd385891a9a7f06152475323f03cc3072987bab6b3f64d
EXPORTER_SECRET a8130c44778238d2d5e071d485700a000b7ba67b752b859ae81f5ad72c959792 eaaf8c849c1bcc0c898af4fba3f9a1aece89e835782603745593fbe02eacb47d
CLIENT_HANDSHAKE_TRAFFIC_SECRET b481b6d793376cc583868c596e721ed773151029bb8875a0c1ba1f0440c9508e 417e0be79ad2e09b0b8ee281231f0ef0c9e8a54c6146c5f5e1647ea608b3a1d431428eab34e178ecafb7ebacd360f190
SERVER_HANDSHAKE_TRAFFIC_SECRET b481b6d793376cc583868c596e721ed773151029bb8875a0c1ba1f0440c9508e 96780537f4dd61ab25eb514b7b9d23a83192ac99d7e7f0b063c76dd98435673d6319eceb024f7cab38a48f23736912e3
CLIENT_TRAFFIC_SECRET_0 b481b6d793376cc583868c596e721ed773151029bb8875a0c1ba1f0440c9508e fba0ff8cff23584e5b9c8869070f0d859155f0baa813f2eba84366dda1fdb06673636f5953a4b0f115cbf2f2467d898b
SERVER_TRAFFIC_SECRET_0 b481b6d793376cc583868c596e721ed773151029bb8875a0c1ba1f0440c9508e 2be4d2d046069bb9bed3974b7500623e7ba0d1fdb58e89f25135bface7f74881fd2805e67b56caeafa66c4f99ac8bfe3
EXPORTER_SECRET b481b6d793376cc583868c596e721ed773151029bb8875a0c1ba1f0440c9508e 475d5a7cb4779e7a89408e06f13cbafa757b2f1e1f0cbe2220ad0905336d8ed8efe9d02db38301759d1d991de85df7cc
CLIENT_HANDSHAKE_TRAFFIC_SECRET 2913e10832f9a321ac6f2f53da2f45bb4cfea5f658a092f4fbf85d53dbfa9fc9 22702ea4cf36cc34d5faf742038ee2a7efbd54c14949e164d7454f750f97b8af4e120eae302af06ad14aa402e51be069
SERVER_HANDSHAKE_TRAFFIC_SECRET 2913e10832f9a321ac6f2f53da2f45bb4cfea5f658a092f4fbf85d53dbfa9fc9 c6f646b5aed670c1842431a51ba9b6c77b5641dff79fd8cd703c0a3c55f627e422408f14bd705f9a8402cbaf890f7aa4
CLIENT_TRAFFIC_SECRET_0 2913e10832f9a321ac6f2f53da2f45bb4cfea5f658a092f4fbf85d53dbfa9fc9 1baac4aae9672c04c3358893376fbd944c2ec3aabcd77944582f007bc18537e50acca7573e89eb690ba5895d842d03b0
SERVER_TRAFFIC_SECRET_0 2913e10832f9a321ac6f2f53da2f45bb4cfea5f658a092f4fbf85d53dbfa9fc9 08fb7d57941dd35b8c8bfcfa2db9853f961e3f10cda8dcdbc93e8bf17332041b0d80d6a83d122f0c7a0ae0cbffb47ba2
EXPORTER_SECRET 2913e10832f9a321ac6f2f53da2f45bb4cfea5f658a092f4fbf85d53dbfa9fc9 0e2f8b6c870e1c0dcc506d343ae3454ac13d814db38e44b7bee3a535325c5638a3fde5e8634a258f76ed520a0b98fc68
CLIENT_TRAFFIC_SECRET_0 ad015e3a7bdff06c427d7966fce6af9be02213dbda864c159fb18c7714c24df0 9541d87fb9af4ddcd28a3fda7d00b0d99f24a3143f89dc2b7cb33fd2a9ec7efc
SERVER_TRAFFIC_SECRET_0 ad015e3a7bdff06c427d7966fce6af9be02213dbda864c159fb18c7714c24df0 ba3a429f2c49875ea12b25c738ee6b4bd0a9ffb3467e14884969d0f2240aefcf
EXPORTER_SECRET ad015e3a7bdff06c427d7966fce6af9be02213dbda864c159fb18c7714c24df0 b98d45771e3576538b7b783a859b650a2deb9107430567fc345bae3e78a753ab
CLIENT_HANDSHAKE_TRAFFIC_SECRET b3a06c088c9fe662b8cad5ebdfe46c940e189324adaf6333abd1b3ffd304ec46 3065b2fc0d42ec0932d756b5699af097ad1ccfa49ea9dbfd0a64b092467f7216
SERVER_HANDSHAKE_TRAFFIC_SECRET b3a06c088c9fe662b8cad5ebdfe46c940e189324adaf6333abd1b3ffd304ec46 ddc2545fe54d7cf0529c2ffa32ccccf79f2844ee9d171dd80a3fb32f727f1e59
CLIENT_TRAFFIC_SECRET_0 b3a06c088c9fe662b8cad5ebdfe46c940e189324adaf6333abd1b3ffd304ec46 fb1af1e183b5967163de59d4578479837063bd0a44622e7f1c2a2869ce23db81
SERVER_TRAFFIC_SECRET_0 b3a06c088c9fe662b8cad5ebdfe46c940e189324adaf6333abd1b3ffd304ec46 f2f5564eb2f06a067f9e4994f6b20b6cf7a3bf5460d4d20693b03bc565e6d260
EXPORTER_SECRET b3a06c088c9fe662b8cad5ebdfe46c940e189324adaf6333abd1b3ffd304ec46 52fa48dcd772b25b622c38b7230d9c1166d0fc48cd34cc1b8c1e963e4ff2db5f
CLIENT_HANDSHAKE_TRAFFIC_SECRET 5cc06dc9d4fce9cc672a461b33acfad467fbc2a755826aad775c4ed87ee69e26 8147a9c59f235dad8a64fef6d5195693066a4cdd60f75ac58dcdba35039adc18f316aa4ab7d340758636501436b22000
SERVER_HANDSHAKE_TRAFFIC_SECRET 5cc06dc9d4fce9cc672a461b33acfad467fbc2a755826aad775c4ed87ee69e26 5383447c47947103580973febe32cb3611f98bf356578708e297a62cdb71ba1b2b5d613b04af314f40f58d266616ab35
CLIENT_TRAFFIC_SECRET_0 5cc06dc9d4fce9cc672a461b33acfad467fbc2a755826aad775c4ed87ee69e26 aa6e78a511e7537964780ff966dc0dba91ad886ef888172859b0d4b7daa58dac195c79dddaa1a7aaa7852e31ccb3ac76
SERVER_TRAFFIC_SECRET_0 5cc06dc9d4fce9cc672a461b33acfad467fbc2a755826aad775c4ed87ee69e26 3976b5fe4c31794392c077e94aec10b9c8a4f43c15ef701e4325a06e4fa44578f74f04f2c40e50d98263945e53ecd775
EXPORTER_SECRET 5cc06dc9d4fce9cc672a461b33acfad467fbc2a755826aad775c4ed87ee69e26 288c3fe4bc57437cb6d85e7c46228a2d4986bd2c78f158e21a4a17a36afff3b824820a18446649b37e2903c2faf3fb5d
CLIENT_HANDSHAKE_TRAFFIC_SECRET 1885dcdd2c87984b51d5b2d4c3a9c1000592f9c6eefcac49e590da4f9723e5e0 9849ea9c2fcd091bdfcfbd28ec26e58c4af105b86568c17d582f19004f8283d61f9274370c5af30d5098af3e985c027f
SERVER_HANDSHAKE_TRAFFIC_SECRET 1885dcdd2c87984b51d5b2d4c3a9c1000592f9c6eefcac49e590da4f9723e5e0 53470c6541e121f7fca66de47a9d4c54e93b56413f1e4a423b71a83a2549303311a0a731cbebfb84728721b08d43d842
CLIENT_TRAFFIC_SECRET_0 1885dcdd2c87984b51d5b2d4c3a9c1000592f9c6eefcac49e590da4f9723e5e0 e535690908c39bfe7d9f43b4f5137bf2a7e5cbf15704a2b73e966c1b10c525a977afb712869f2caa2fdba77b9fbd86b3
SERVER_TRAFFIC_SECRET_0 1885dcdd2c87984b51d5b2d4c3a9c1000592f9c6eefcac49e590da4f9723e5e0 1704065053f4319331b65c33372550a41cb4f038a381c7c0417d83685a3572c81f283e845167f68f6cb357fa8ea80c0c
EXPORTER_SECRET 1885dcdd2c87984b51d5b2d4c3a9c1000592f9c6eefcac49e590da4f9723e5e0 fd8d149847297ad1f88218bb91c843624aa91c0530cde096b63435158139fea6171ca8dfe54f95437e584aa9d4234930
CLIENT_HANDSHAKE_TRAFFIC_SECRET 900a5febc71b99a754d1eba72599ca7bdcaa7219067a23ac273ddd7b3963ccf0 81da423e35388574eaa15d682bb8462ae3b2f8a028cbc4450595abf20034852a07008d3c069c0b564040f93a4c770865
SERVER_HANDSHAKE_TRAFFIC_SECRET 900a5febc71b99a754d1eba72599ca7bdcaa7219067a23ac273ddd7b3963ccf0 b6645e33907c696f29971dd7f62f980ae15d3a0cf91e66c5589d10777a6f71f670d5278a6e1097a7715ad8369fe4c297
CLIENT_HANDSHAKE_TRAFFIC_SECRET d8a0698f751c65f757777ea4c0a1782f1fe8765bedb39ae757daa3860f18adb6 8ccf01ea710ebc7fd2ad944e00f33d44e6c7880fc7f1909377712bc0c207067cfa5500614f7e23bf8e884d0609608744
SERVER_HANDSHAKE_TRAFFIC_SECRET d8a0698f751c65f757777ea4c0a1782f1fe8765bedb39ae757daa3860f18adb6 7effb38ca282fc1b9ee89890a98a7a6fad62b575e155bebf5645f28c6966012270ed91cf5d96b3f0b941e71de4ffc3b5
CLIENT_TRAFFIC_SECRET_0 900a5febc71b99a754d1eba72599ca7bdcaa7219067a23ac273ddd7b3963ccf0 d5ff60f17571c76c0b68be6715fdc0c040f710902963724b9a06b7c624ac01cf66383f56d42e45c80a83b4beab131888
SERVER_TRAFFIC_SECRET_0 900a5febc71b99a754d1eba72599ca7bdcaa7219067a23ac273ddd7b3963ccf0 0ac33cfebc737a0192b5c6faa3338d1a7b6d941c92b1bf47318aba9253f29f18afb7496cdc1a9bb394ce00898ec6ad77
EXPORTER_SECRET 900a5febc71b99a754d1eba72599ca7bdcaa7219067a23ac273ddd7b3963ccf0 079cb4843c65e9693d580e0edf3b160a7f5bb65937f43e6ca882f23370faf17069d81ef5ee781cc494ad17925c295371
CLIENT_HANDSHAKE_TRAFFIC_SECRET 836cb5cf338e6d464b876d04f5427a93170289650ac045d3aacfaff7c2fd2147 70718ec02a6808be7f2273aadd82e1a57a7a826be1f790facecb7c0c99df8197671a89b56b5e9f0fb6cfca7056bbffc4
SERVER_HANDSHAKE_TRAFFIC_SECRET 836cb5cf338e6d464b876d04f5427a93170289650ac045d3aacfaff7c2fd2147 f0a4db4b9c6f0b32ee9442b3c5e5940b91a55d52b53bedbc7000a6b9889c31186aa288ae53d82ddc0f17d3b823825d3d
CLIENT_TRAFFIC_SECRET_0 836cb5cf338e6d464b876d04f5427a93170289650ac045d3aacfaff7c2fd2147 fc15372daa0e1877f89327eda44e5c18180f075d17bc9bd3712026452b77b2717f6bfe344e0f70e76cf1bb59e8f32504
SERVER_TRAFFIC_SECRET_0 836cb5cf338e6d464b876d04f5427a93170289650ac045d3aacfaff7c2fd2147 06411727c3bd31eff214bb2d08fdd8f5720c58490e51fdd2655c5d6671ea8c9b67f57c409e02b065a9b000747becd40e
EXPORTER_SECRET 836cb5cf338e6d464b876d04f5427a93170289650ac045d3aacfaff7c2fd2147 9996bdd9d120ebe51ff9481608152c7fe49f3184a1aede14723175991377bd26f460e61088eee0dc064a598820b0789a
CLIENT_TRAFFIC_SECRET_0 d8a0698f751c65f757777ea4c0a1782f1fe8765bedb39ae757daa3860f18adb6 903a6a04490d4d31ce513a58ee2580078874515269244fb148bbf3a5e768eb861ac53362517032bbd92f5a22923484f4
SERVER_TRAFFIC_SECRET_0 d8a0698f751c65f757777ea4c0a1782f1fe8765bedb39ae757daa3860f18adb6 11037d3a3b56898736a5c92e664c45f183492afa000fdae4e8f062d84ea89aa831543cbf6670bf805d4778a16641e08a
EXPORTER_SECRET d8a0698f751c65f757777ea4c0a1782f1fe8765bedb39ae757daa3860f18adb6 7cd2b3386e9846df469fc0140b2f77248233552aa22bee39bedaa63697822a487b4144906a442ea6ec087ae675225e68
CLIENT_HANDSHAKE_TRAFFIC_SECRET e32d33eebeff8b7aa069258f521a82bd3e3c2b896f4eab43d6e33a342e3cc59e 578470e86a32531c39f6b661d0f8a06fb27239e386d1984a423d3da3843903c2dcd0c9bd9bd5729b9b22e22e0b22b9ee
SERVER_HANDSHAKE_TRAFFIC_SECRET e32d33eebeff8b7aa069258f521a82bd3e3c2b896f4eab43d6e33a342e3cc59e 5b5f5d76e12d548da20f78bc29f7f5218448fbd1ac80c6c23369fae9a8958cc4430edf4101718a1898d02bc45c7d4aff
CLIENT_TRAFFIC_SECRET_0 e32d33eebeff8b7aa069258f521a82bd3e3c2b896f4eab43d6e33a342e3cc59e 6c6f10996fa43e32ee62a2d747253a694f0da460da5741c275ad9ed330541369e6210842c5126e472a8a1d471f633770
SERVER_TRAFFIC_SECRET_0 e32d33eebeff8b7aa069258f521a82bd3e3c2b896f4eab43d6e33a342e3cc59e ef4e52b1271737af1e6c474e98e8e5197b93ab839c13de8c6aad232e7c83bf4334836e991bf74541969143fa75cfc55f
EXPORTER_SECRET e32d33eebeff8b7aa069258f521a82bd3e3c2b896f4eab43d6e33a342e3cc59e cd128721c7189199dda548b2682a7021aaaf602624a5d81277d433161156e7007bec2dd219a1eb28e3415cd9031454fe
CLIENT_HANDSHAKE_TRAFFIC_SECRET d2234dd58c95113c95308b9619ac5161a01aa7b620337f9f98e2df4f2d1a55fa d923ad327a06151ae0df0f4fad059d5f7cfafa4d67e7651773acb6117ad99aa5e0f38b723160ac9bd880376d8cd1b785
SERVER_HANDSHAKE_TRAFFIC_SECRET d2234dd58c95113c95308b9619ac5161a01aa7b620337f9f98e2df4f2d1a55fa 1ecdb61be541c8510526187799ea6fc6d51e9ee54e7b7c15c329274aa58b5cc2acead103fd0f01d27fd1df9a794de416
CLIENT_TRAFFIC_SECRET_0 d2234dd58c95113c95308b9619ac5161a01aa7b620337f9f98e2df4f2d1a55fa 3eda28e1c16cc4bf68a8bbb11948940b88d9f75f9479685dd568ba0f8d36a8c51b4410daa8efc523dcfb2667df391ba6
SERVER_TRAFFIC_SECRET_0 d2234dd58c95113c95308b9619ac5161a01aa7b620337f9f98e2df4f2d1a55fa 0cd68e88ade8ceaaefb69ba3ad767104d076fac4dc17d2e0ea011ac5199d7ef1b887fe59a60bdbbb6ac7fd4ddf35c001
EXPORTER_SECRET d2234dd58c95113c95308b9619ac5161a01aa7b620337f9f98e2df4f2d1a55fa dbb1610aca1eb66dc5561d4a4bb2ca481baff48fb96fbdf740a7777406708720dcb66eda5396469797ff17e81efcf453
CLIENT_HANDSHAKE_TRAFFIC_SECRET d4883e544631ebfd0f6020d842e27700772abd16eabe10cabbdcbefdd3f116d1 1a501e4c1b1ea3088f3b1e52861870535d60e798051dcb760dd38ff9cb9361096aff9049e00d8d5c07c29d022ea69872
SERVER_HANDSHAKE_TRAFFIC_SECRET d4883e544631ebfd0f6020d842e27700772abd16eabe10cabbdcbefdd3f116d1 f51988ae3660500d14a936761f949b5e7f0adaa5de6195f41e8aaef70a278da5c9f032ec10e21dc4908ab55b3d4f2483
CLIENT_TRAFFIC_SECRET_0 d4883e544631ebfd0f6020d842e27700772abd16eabe10cabbdcbefdd3f116d1 dc2914f786dcb1d1b89a770caf1b0ba71409c2b449f4634713f4878f3329acf8f65dc1aa5204383aec4dce1a2f61e1b9
SERVER_TRAFFIC_SECRET_0 d4883e544631ebfd0f6020d842e27700772abd16eabe10cabbdcbefdd3f116d1 80cd257e0266aed63eee1f365f58a8dffd167c2eb6d18a84b4abe08d51a4b878cbd0cfb30b2cfb995980486ea7a6532c
EXPORTER_SECRET d4883e544631ebfd0f6020d842e27700772abd16eabe10cabbdcbefdd3f116d1 cc4e2b0ff446ed4fe76343fe4a1dc2c777942b2d94dca596121e02cde2ac1a7bcbc180bfa8d37cbaf8bd2216de2820a2
CLIENT_EARLY_TRAFFIC_SECRET 9c964da8a7b64daeebcac793b7b8a1a0023fcf4662fef54680494922b56fa9cc 09109ed73851b700d92f21fb4bb9982ea4aa88a80eda05cad2431baec6737efc
CLIENT_HANDSHAKE_TRAFFIC_SECRET 9c964da8a7b64daeebcac793b7b8a1a0023fcf4662fef54680494922b56fa9cc ce5992f9f968fe1477b1482257d654eb22a8f1ad0884f86457d8c9c1fa2ca779
SERVER_HANDSHAKE_TRAFFIC_SECRET 9c964da8a7b64daeebcac793b7b8a1a0023fcf4662fef54680494922b56fa9cc 955741a79177892ba069338acad474e4d3588c392dd7160072d69d73cc481cba
CLIENT_TRAFFIC_SECRET_0 9c964da8a7b64daeebcac793b7b8a1a0023fcf4662fef54680494922b56fa9cc 319774f938a598f419060ed83dab17205ede44b9aea5903f60681d12756e3043
SERVER_TRAFFIC_SECRET_0 9c964da8a7b64daeebcac793b7b8a1a0023fcf4662fef54680494922b56fa9cc 1745f0f97ac3a48cc0655365c75c5930d68c2ba76aa000700a8ba7b415f2d778
EXPORTER_SECRET 9c964da8a7b64daeebcac793b7b8a1a0023fcf4662fef54680494922b56fa9cc cb0f85ff14b69969c5b89c90f55566937d7e871e97c120db0582ff7faad5dfd6
CLIENT_HANDSHAKE_TRAFFIC_SECRET 1e9ef6b4c6de1bef9f9ae90169f1b7782d7d5f84fb00c81e4be9f00b894ae846 472712bb405b0ff22488f4a53dc6ab718f66d008e552d3124423d3e3e9be6cad
SERVER_HANDSHAKE_TRAFFIC_SECRET 1e9ef6b4c6de1bef9f9ae90169f1b7782d7d5f84fb00c81e4be9f00b894ae846 ed66cae704f74506d978f22ff3f1178ba61de0b461f840cff746bc5b673b47b8
CLIENT_TRAFFIC_SECRET_0 1e9ef6b4c6de1bef9f9ae90169f1b7782d7d5f84fb00c81e4be9f00b894ae846 f19a93f00b0f18f139ce57726f64f7256dbe594efdc248645bae532003454ffe
SERVER_TRAFFIC_SECRET_0 1e9ef6b4c6de1bef9f9ae90169f1b7782d7d5f84fb00c81e4be9f00b894ae846 0686f461ad37b4b04c2a42d4289e4e23ee4bc837a87c1c4df8c74745cea74929
EXPORTER_SECRET 1e9ef6b4c6de1bef9f9ae90169f1b7782d7d5f84fb00c81e4be9f00b894ae846 2005c9e3f9e04cbea193dc32c573d75496840781fb33bbc95ed9a494d0e49b90
CLIENT_HANDSHAKE_TRAFFIC_SECRET 3fb0159fde95ce8c15645903208bbb9f7c01707270fd07278b0804d8e2d63c92 08db70f84936994d8781e9e39848c1db9670ac703c678b5abdc5e5ba57f5694d1c1792571d63e645ba0f1c5cfc2c8a81
SERVER_HANDSHAKE_TRAFFIC_SECRET 3fb0159fde95ce8c15645903208bbb9f7c01707270fd07278b0804d8e2d63c92 384b1396d3820454abd8e956f8b5539a671ee5ae8d37660c47767ea399dc78b7768570eec73fde5e59424fcb0b545264
CLIENT_TRAFFIC_SECRET_0 3fb0159fde95ce8c15645903208bbb9f7c01707270fd07278b0804d8e2d63c92 80f1193ecf27303a0ad01f1343b046253a24bd86e0394febdae957c1ba5c9d00eb906744fbb6e5adde8d8fea74e4b316
SERVER_TRAFFIC_SECRET_0 3fb0159fde95ce8c15645903208bbb9f7c01707270fd07278b0804d8e2d63c92 7ebcaec25d778404d83165c70aba8d01287c16359614735e7204d78c74e0b8e4cf68e00fb4b731f4b3f21fee2a1a1559
EXPORTER_SECRET 3fb0159fde95ce8c15645903208bbb9f7c01707270fd07278b0804d8e2d63c92 e8ad94c61023b6dbf4b193774db7fc62e94ee2b6eb5160e56bccbf3a043d1b10dbbc93cf43f630d2068f854867e3952b
CLIENT_HANDSHAKE_TRAFFIC_SECRET 72aa6e575df180255973d4f0557389ab9310dc6b9f5f9c52eb9f606c84e91444 55903725ac3f31e84d4d4c5b2de81d3eb30ed4f9da8593e646d8cca943fc1018ebca3cb90da5840c53bfde8a92af53e3
SERVER_HANDSHAKE_TRAFFIC_SECRET 72aa6e575df180255973d4f0557389ab9310dc6b9f5f9c52eb9f606c84e91444 940377c08f27dc2ffe92c483039020074c4af88959d897addd529cc9d62147dec07ece1b976a90e621e6e8953b9f195c
CLIENT_TRAFFIC_SECRET_0 72aa6e575df180255973d4f0557389ab9310dc6b9f5f9c52eb9f606c84e91444 e8caa6d4fb11abd4db563ed6eb2b46ac94443cf943798cb34fc5c090af7a00a694f856bf66e4d47ddbf4641bf8276501
SERVER_TRAFFIC_SECRET_0 72aa6e575df180255973d4f0557389ab9310dc6b9f5f9c52eb9f606c84e91444 719d5e6960113c4665e11d214f9044133b85060d37fbee50b02ef1979dd4caf6fa4dab223a96c0f1041f833f0bb6b581
EXPORTER_SECRET 72aa6e575df180255973d4f0557389ab9310dc6b9f5f9c52eb9f606c84e91444 4bed83f5a6a33ec5e3083a28cce16d569f8d58b1f3efba9e31020268d6468dc53f52316b7300b64f1e57ba609b9aebe3
CLIENT_HANDSHAKE_TRAFFIC_SECRET 3e1a658a8a8bc46ac1e907ba2db85a098ff87a06991c3af148c5927f8a22efd3 cea952d17125aa51dfbb02940a8ae02ef0c0445065afbee7c904ce7df3a04ce001aac452c4f5d23228d1fd41a6631e0e
SERVER_HANDSHAKE_TRAFFIC_SECRET 3e1a658a8a8bc46ac1e907ba2db85a098ff87a06991c3af148c5927f8a22efd3 a14ff8f7decc94c43a099c12cec79ded4ff8c5a84a715cbe3213bc0303fc137a130bcc2781e8a6c66160149075232a32
CLIENT_TRAFFIC_SECRET_0 3e1a658a8a8bc46ac1e907ba2db85a098ff87a06991c3af148c5927f8a22efd3 cf6dadc192b510b62e914b76175b1fbecda2b37824ba03d0e133fa3709a37416481b0bf082c8f1d670489eb682117895
SERVER_TRAFFIC_SECRET_0 3e1a658a8a8bc46ac1e907ba2db85a098ff87a06991c3af148c5927f8a22efd3 6fad1dc59149bddfa5aa32d22268b55c649b240c91fdad8eccacfdda0c3c1acb63baa2268de1f87f9f533c9b7facee0e
EXPORTER_SECRET 3e1a658a8a8bc46ac1e907ba2db85a098ff87a06991c3af148c5927f8a22efd3 9b59b9b65737ccbed66ef82807d2f27e2e77a7e4c75d68835c55e5174f2becc9a5961af94c954f77fa41fff9dd08044a
CLIENT_HANDSHAKE_TRAFFIC_SECRET 02280eb3bef8cf903da478da9f882f2e8f85ff765673f03b5cbe3991ceb3e734 10a85a98510c7eeb71b260aab1c89d1aaf2f2bc73ecaf77cb5de32a6fde0f7642b74240443720392b7060e326604849d
SERVER_HANDSHAKE_TRAFFIC_SECRET 02280eb3bef8cf903da478da9f882f2e8f85ff765673f03b5cbe3991ceb3e734 92934b3eaf35efe9d7eb0ffd46cc50edf734cc13187474ff70d797d0fd9d1ecdb32cb52313a05a6deb77e4722d679827
CLIENT_TRAFFIC_SECRET_0 02280eb3bef8cf903da478da9f882f2e8f85ff765673f03b5cbe3991ceb3e734 38e4cccae826fb7c86ca27036b39aa129cc8ca3856cb132dc75cd0ab01d2f0c314ec3555aacf971040a6d94f24aeab00
SERVER_TRAFFIC_SECRET_0 02280eb3bef8cf903da478da9f882f2e8f85ff765673f03b5cbe3991ceb3e734 a8a0e63e85cb2a61ab728afe71a4279a3501e57b4f9819f26e78db6df6f560f99ec55fb4dfc2d7ee1f7bbb4ce288b7df
EXPORTER_SECRET 02280eb3bef8cf903da478da9f882f2e8f85ff765673f03b5cbe3991ceb3e734 ab99cc63debfb97507f9f556d908e00b843334912648b09acfc97dafeee33812ed5d54ef39be8ff528f357f931a38d12
CLIENT_EARLY_TRAFFIC_SECRET 7270e661158a30c2b4f5a1a1a4307615767b8cb48bc667d1757d3ce858b6b4df 2e962bb99b7c20335e944299c8861378e9ccdea06b2fce6c970821f1fd83f907
CLIENT_HANDSHAKE_TRAFFIC_SECRET 7270e661158a30c2b4f5a1a1a4307615767b8cb48bc667d1757d3ce858b6b4df b0e1fcbd398c6d6d8070661ccf08095df5c0d666e81dafee9318c913d521eca0
SERVER_HANDSHAKE_TRAFFIC_SECRET 7270e661158a30c2b4f5a1a1a4307615767b8cb48bc667d1757d3ce858b6b4df acf394c4ba7f5829f413fefbdde06a306d81405c7f7e4bdc0525bdb2f02b3f7c
CLIENT_TRAFFIC_SECRET_0 7270e661158a30c2b4f5a1a1a4307615767b8cb48bc667d1757d3ce858b6b4df 74c6bb20ff178a5be11f4af6df295dd830ba8d5efa40c6a2ab16b96d2a769816
SERVER_TRAFFIC_SECRET_0 7270e661158a30c2b4f5a1a1a4307615767b8cb48bc667d1757d3ce858b6b4df 32002e5fad6385765440b9d30d3f5b646aac319ab60c12f1529b17f250734750
EXPORTER_SECRET 7270e661158a30c2b4f5a1a1a4307615767b8cb48bc667d1757d3ce858b6b4df fbdebac6c37e75aba2b4312984897db42059c0ff98ed876698428988125dd80f
CLIENT_EARLY_TRAFFIC_SECRET c894ac0ab5247fab0c0719e7bae8a6e8294e6e18fc594100da6be8bd5209e494 5c7856c1b2e165ac2c42d9f421847840ec784dffc2632fef51d8f1caf1a2ab8e
CLIENT_HANDSHAKE_TRAFFIC_SECRET c894ac0ab5247fab0c0719e7bae8a6e8294e6e18fc594100da6be8bd5209e494 bb716faf75102f9b44c7630c76ebcca710174d52e2da842b316c263c726b7461
SERVER_HANDSHAKE_TRAFFIC_SECRET c894ac0ab5247fab0c0719e7bae8a6e8294e6e18fc594100da6be8bd5209e494 0b448d1ed0e1d201c396e134f55482bf90cddb7d6dcb9838b287e08631de1563
CLIENT_TRAFFIC_SECRET_0 c894ac0ab5247fab0c0719e7bae8a6e8294e6e18fc594100da6be8bd5209e494 2e1fe7a8908c32d2ad31a972902cc323840cca45f5d749584f14a39418514b16
SERVER_TRAFFIC_SECRET_0 c894ac0ab5247fab0c0719e7bae8a6e8294e6e18fc594100da6be8bd5209e494 ecb1016533b871c5678d140c61556db92d7e788d656a1e8b1ec71466e42b010a
EXPORTER_SECRET c894ac0ab5247fab0c0719e7bae8a6e8294e6e18fc594100da6be8bd5209e494 c7e203fabb65182d44e94beb79d25a739ee40e6c4c1d5286f29ce3724286ac1a
CLIENT_EARLY_TRAFFIC_SECRET fdba1fbe67e6396022c2a9b4af274f3cf61893e05f66769915672c7e19095744 393b9afd226cbb652a3eb13fd053977c6c0a5f3676cfb3a5e0c152081171e345
CLIENT_HANDSHAKE_TRAFFIC_SECRET fdba1fbe67e6396022c2a9b4af274f3cf61893e05f66769915672c7e19095744 281c6de8aa749a7feac961c4ddb962149805726a13ec2e786233ba81cabd39d0
SERVER_HANDSHAKE_TRAFFIC_SECRET fdba1fbe67e6396022c2a9b4af274f3cf61893e05f66769915672c7e19095744 32387989ced5704bd0732d6c82169ac1b94763cd1c0c62e600a749c6923db0f0
CLIENT_TRAFFIC_SECRET_0 fdba1fbe67e6396022c2a9b4af274f3cf61893e05f66769915672c7e19095744 4589b700f88242c68101bcc606c4d085c95ec2df867f3cf7e3de2674b96c4233
SERVER_TRAFFIC_SECRET_0 fdba1fbe67e6396022c2a9b4af274f3cf61893e05f66769915672c7e19095744 2d571238289df9297e79b8758e316c31770097366c4f011260aa81d74ac393c5
EXPORTER_SECRET fdba1fbe67e6396022c2a9b4af274f3cf61893e05f66769915672c7e19095744 81b4685ff904b594bcc584cb80bb7b3e6b50fe38f6993bb1ba73a4fe3184d103
CLIENT_EARLY_TRAFFIC_SECRET a6edbfcc1848d33ea1a2addcbf3219b1957cc50028dfb494649b708ea9855f7c 0b4c862a0d555873fbb23a5946c798c3a5ac5f9c28bd4c7da77384e7aef2a67e
CLIENT_EARLY_TRAFFIC_SECRET 21cad559ce5a2ab42017dd78cebe0f0b6d2989d1f592529c360637b38edc63d7 135205c073294fdfba356abbb415ad85be91f977f34506fbba0f1a770e5ab42cc5dc2db938fed472e6e63f6deb7a8b9e
CLIENT_HANDSHAKE_TRAFFIC_SECRET 21cad559ce5a2ab42017dd78cebe0f0b6d2989d1f592529c360637b38edc63d7 ccd5c24c1c6354bbdae0a75efe40ae3a13a5fdbb7af696e830eec50e35cd2d750256407e97a4574eae8feec075158b27
SERVER_HANDSHAKE_TRAFFIC_SECRET 21cad559ce5a2ab42017dd78cebe0f0b6d2989d1f592529c360637b38edc63d7 2252ccfea5be7c42a191199676517fde2c5c3707bc2e32fca1a31c8161b431356b70ba6b3a52d6ab9f1e4461cbaa0b4e
CLIENT_TRAFFIC_SECRET_0 21cad559ce5a2ab42017dd78cebe0f0b6d2989d1f592529c360637b38edc63d7 45445cad1e2e9572c225356cb3a3200b05ebb49edca5bc17d230ec3cab03cb718457390b71ae9ce9639d923f1e9ba7d5
SERVER_TRAFFIC_SECRET_0 21cad559ce5a2ab42017dd78cebe0f0b6d2989d1f592529c360637b38edc63d7 e9071410379e7b00514779074651057f70980598da8ad6285f8258f62e2023be5a7b0133fab4944a44484e04fc302760
EXPORTER_SECRET 21cad559ce5a2ab42017dd78cebe0f0b6d2989d1f592529c360637b38edc63d7 5b6fbe38ca4aba3a49a25210c610c94f8ca6a24fa174091387416bbd800e9d94303185647de46b8ad82bcc609f05f4e7
CLIENT_HANDSHAKE_TRAFFIC_SECRET fa96d92c8f9daf93c3150bf3f403afd2426a063efed6b7b0059d3cb4f494d831 f67700c984147842753a037efba3ca2c6273bb0357d9087ec4be37bef4a88368897fd454481e7b51a629fba240580a98
SERVER_HANDSHAKE_TRAFFIC_SECRET fa96d92c8f9daf93c3150bf3f403afd2426a063efed6b7b0059d3cb4f494d831 ab83d23c94c642cdbc3cb9ab70ade52477e170be9a6e845fa5ac11f584964e2665ac77d64446b86dd30a288532cd10bb
CLIENT_HANDSHAKE_TRAFFIC_SECRET e1172b5279b473eb9291d157cf6f2c031972b36bfb7ef4eeb40069b339959c2b 1151dae633a582063798d24ca3d1be391361c2ad325c9e4ff4a1caedce5f34db
SERVER_HANDSHAKE_TRAFFIC_SECRET e1172b5279b473eb9291d157cf6f2c031972b36bfb7ef4eeb40069b339959c2b ffca272289b3e5013f154baff57ae9043653aaeefbdec7b085e1cb949c415449
CLIENT_HANDSHAKE_TRAFFIC_SECRET 43d63137dcfbf65bffbbaa0af6b6240e3ca21512ab44facd54e64f1638fd47cb d5cd03695aaa59de677389bf3b43e510a265e36fd80faa9dcef5f974fcc21867
SERVER_HANDSHAKE_TRAFFIC_SECRET 43d63137dcfbf65bffbbaa0af6b6240e3ca21512ab44facd54e64f1638fd47cb 4bfca1e46e27684c4cfbf1c0b8b54ccc3cc4e55abb259926fbb350c6c6099e04
CLIENT_TRAFFIC_SECRET_0 43d63137dcfbf65bffbbaa0af6b6240e3ca21512ab44facd54e64f1638fd47cb 8d49194a1060af8e6346ca10e46b8ff5e1cfafc4bc45ce0c49541f11ee67cd34
SERVER_TRAFFIC_SECRET_0 43d63137dcfbf65bffbbaa0af6b6240e3ca21512ab44facd54e64f1638fd47cb 17316650f593a293f60fe4dafa2bcbab67c8ed60e46ab2d6183bc76fd6eeafe5
EXPORTER_SECRET 43d63137dcfbf65bffbbaa0af6b6240e3ca21512ab44facd54e64f1638fd47cb 43a92907434fc6c7974925565b7c703136d16e80cbe2a07055c6a013e802862d
CLIENT_HANDSHAKE_TRAFFIC_SECRET 12589a154af48be6a8a7fb9180bab07e73fd2e86665169bbd00962223b2be560 a193248b5ceccfcc5443748b866cfdc57225016d36122a22f33b7f017c02fd6f
SERVER_HANDSHAKE_TRAFFIC_SECRET 12589a154af48be6a8a7fb9180bab07e73fd2e86665169bbd00962223b2be560 2cf2bc3bcd2362913cec209dc2d3e4a89f69e03beddade7d88f7f01e40026339
CLIENT_TRAFFIC_SECRET_0 e1172b5279b473eb9291d157cf6f2c031972b36bfb7ef4eeb40069b339959c2b 7672b8497242caf9c430d1a04b1bc1a3d34d94f21e99c96543ca42cfe229ad37
SERVER_TRAFFIC_SECRET_0 e1172b5279b473eb9291d157cf6f2c031972b36bfb7ef4eeb40069b339959c2b ce2be793baa6c612df4201d0efe4efd8cfef38dc578e39572ead28e9fa1149c3
EXPORTER_SECRET e1172b5279b473eb9291d157cf6f2c031972b36bfb7ef4eeb40069b339959c2b b083c5facd504820bdbde2e4406b1d8e6c5ba1958a8f15e36a21a1520641459d
CLIENT_TRAFFIC_SECRET_0 fa96d92c8f9daf93c3150bf3f403afd2426a063efed6b7b0059d3cb4f494d831 4d808d420f9738d72e3c93378a9cb60e3bdb8641d58bcb41c1d1bbf98a15085293f8b5b74ee49fcd762cff185ef7e6eb
SERVER_TRAFFIC_SECRET_0 fa96d92c8f9daf93c3150bf3f403afd2426a063efed6b7b0059d3cb4f494d831 2519e3fd4d56558854ca9e0a97b2f1934951144b2f9c3cfdd2da717188713e5f1769ac89151c9ff8eab3157a090acc58
EXPORTER_SECRET fa96d92c8f9daf93c3150bf3f403afd2426a063efed6b7b0059d3cb4f494d831 177bd2379f69a46ed3da1a1a19e8f781065d236411c01c6d0f4fcd8112f6c09a3c72cb415abd47564761bb99a6b66d62
CLIENT_HANDSHAKE_TRAFFIC_SECRET 8efd44286e913f3ff5a228b6d34d3bb90b58495c89e03b2f34c50fc923a975c9 f7c871ea57ba37c452da9ea7b9dd7a4447f041e9c7aa5927cd1d6d5abb3b4c1a
SERVER_HANDSHAKE_TRAFFIC_SECRET 8efd44286e913f3ff5a228b6d34d3bb90b58495c89e03b2f34c50fc923a975c9 cca0e9689ebcc9883ba728cb93fd5f679f95673ab1d43c929ccebe6ea7d76131
CLIENT_TRAFFIC_SECRET_0 8efd44286e913f3ff5a228b6d34d3bb90b58495c89e03b2f34c50fc923a975c9 267e67ad95db85028ee9597d4dfe71aff3b7787507024caf24a6dacf3ffe5ff3
SERVER_TRAFFIC_SECRET_0 8efd44286e913f3ff5a228b6d34d3bb90b58495c89e03b2f34c50fc923a975c9 489c6a6de67f041de8c5b76b329fc22b00acbe3259dbe6a6a05148a6d70aa641
EXPORTER_SECRET 8efd44286e913f3ff5a228b6d34d3bb90b58495c89e03b2f34c50fc923a975c9 965d59e51134fa81b3310fd5bea32f35a3e8c4357263dac6adf38e40231b499b
CLIENT_HANDSHAKE_TRAFFIC_SECRET dabf9a907f9f7743edb61c3de8aa39356fdd136dbd30a5992d780e8473740467 c5176fa4763ca689cd1bc47ff46205cd0bd33fab09e39b668ab3fa7d74610326
SERVER_HANDSHAKE_TRAFFIC_SECRET dabf9a907f9f7743edb61c3de8aa39356fdd136dbd30a5992d780e8473740467 6cb279f0e9f40f65ad18a2ee20658529d210db63f2004b02617f401dd4b16182
CLIENT_TRAFFIC_SECRET_0 dabf9a907f9f7743edb61c3de8aa39356fdd136dbd30a5992d780e8473740467 2973ff6537a2d32a40a296f8a98ad0bf0ad902575aacc26db023de349d9003b5
SERVER_TRAFFIC_SECRET_0 dabf9a907f9f7743edb61c3de8aa39356fdd136dbd30a5992d780e8473740467 388593b748bb78553fc4c32571f6b9c15b724de4160016a33653714ba62e8234
EXPORTER_SECRET dabf9a907f9f7743edb61c3de8aa39356fdd136dbd30a5992d780e8473740467 141f2e9edb4a726cc71596aa299674579206def9e9322f3ffb560aff41f5b2ef
CLIENT_HANDSHAKE_TRAFFIC_SECRET fcaba192fc09f6eb25cc539f0e161474c2f6ff95ef2111c7d39efd4234fd7c4f 1b884ffbad6a50bc2c1d3e4cdb7034c1bc9b0e21b9280ce6f594428723e1abff
SERVER_HANDSHAKE_TRAFFIC_SECRET fcaba192fc09f6eb25cc539f0e161474c2f6ff95ef2111c7d39efd4234fd7c4f a8668217ba67855309b839575473de08485eee59a33c8a4c67347870703f7705
CLIENT_TRAFFIC_SECRET_0 fcaba192fc09f6eb25cc539f0e161474c2f6ff95ef2111c7d39efd4234fd7c4f 97d9c41a46217c6fbf64f56c8d4b40f2619ff309488cd7a598eb81932490e735
SERVER_TRAFFIC_SECRET_0 fcaba192fc09f6eb25cc539f0e161474c2f6ff95ef2111c7d39efd4234fd7c4f 03c1364a53741e4442b7e45ed5dc616a62ed6ebeb05d1a14bc6591768feebe3b
EXPORTER_SECRET fcaba192fc09f6eb25cc539f0e161474c2f6ff95ef2111c7d39efd4234fd7c4f c42161ff602d228bd20c243c96304ddc9a51a7ac9f148821fe50557fd1fee218
CLIENT_HANDSHAKE_TRAFFIC_SECRET f6638ed9700c06d31cb6cc7ce9ab38b44a9b1f98b80acaba13f58b0be13bcbf7 f9bdc734b721c0fa203255db74a507eece234c8bf2e9ed25bb8ae54ada0d120e
SERVER_HANDSHAKE_TRAFFIC_SECRET f6638ed9700c06d31cb6cc7ce9ab38b44a9b1f98b80acaba13f58b0be13bcbf7 a1fae7cbbfc2a8e6463d993f4acb0cb0b5510af4123ac9bb030becfe9cff7bd2
CLIENT_TRAFFIC_SECRET_0 f6638ed9700c06d31cb6cc7ce9ab38b44a9b1f98b80acaba13f58b0be13bcbf7 3b1c51b103b85395e9c7befb897c1ab923dc507191097552d3a3aa034fc7d1c3
SERVER_TRAFFIC_SECRET_0 f6638ed9700c06d31cb6cc7ce9ab38b44a9b1f98b80acaba13f58b0be13bcbf7 a12102fa82216c776b79f560b006386a2ff0eff7c3304f9e18663520ff0fed3d
EXPORTER_SECRET f6638ed9700c06d31cb6cc7ce9ab38b44a9b1f98b80acaba13f58b0be13bcbf7 623936b987aca4240c64217694a33fe5a9fa60719b79396e770b5c65381d7a96
CLIENT_TRAFFIC_SECRET_0 12589a154af48be6a8a7fb9180bab07e73fd2e86665169bbd00962223b2be560 01db8acc7f31e2fb49e0d3462abf61c02bb80ddfe81c50032bd23f9523721965
SERVER_TRAFFIC_SECRET_0 12589a154af48be6a8a7fb9180bab07e73fd2e86665169bbd00962223b2be560 c1458e616375e690559f0bc5ee73f9d5e965c613135a4056aee64a68b8fdc959
EXPORTER_SECRET 12589a154af48be6a8a7fb9180bab07e73fd2e86665169bbd00962223b2be560 d98598150112fb32c8299e5ba1b11da8af9f47c96c0331ba562bd36f810a20c3
CLIENT_HANDSHAKE_TRAFFIC_SECRET fa269c8bee51fb87b468dba0ee380da29c8dc1be54f13c9faa2c575056a2c2a0 408466c59b72bdfbc3c111c18c77329407f9845dcdd8ba0cbe8571fd7ca58fd4
SERVER_HANDSHAKE_TRAFFIC_SECRET fa269c8bee51fb87b468dba0ee380da29c8dc1be54f13c9faa2c575056a2c2a0 2d3a074c7b1bac3ebd4605f2094587f3d744901a115be3a1c1e3c85097afde05
CLIENT_TRAFFIC_SECRET_0 fa269c8bee51fb87b468dba0ee380da29c8dc1be54f13c9faa2c575056a2c2a0 51f173da3d148b331a4b98f7955114af4b82b649ae37eac9866c724b9f6c9501
SERVER_TRAFFIC_SECRET_0 fa269c8bee51fb87b468dba0ee380da29c8dc1be54f13c9faa2c575056a2c2a0 cbfb9436b69ec230e4f1b63d5547269bd5f81ce7503eacae1d73e1d89bd30920
EXPORTER_SECRET fa269c8bee51fb87b468dba0ee380da29c8dc1be54f13c9faa2c575056a2c2a0 8ddfbe5718bfa8181d139b86097ab06d05b5addfbbfea014eb21c4e18d6e574b
CLIENT_HANDSHAKE_TRAFFIC_SECRET 53791660e087d4bb0a265f7724d4c068584f2bd2804b487e5d0cdf149648ce3f 2abf9c45fbdd634ccbdbe304cce6e8d041241532eff556b7f02b59ada29a5442
SERVER_HANDSHAKE_TRAFFIC_SECRET 53791660e087d4bb0a265f7724d4c068584f2bd2804b487e5d0cdf149648ce3f bf9321b1312a8f4fb438bea932d17836646ca6a8222c8302ac793cfa364f4ff5
CLIENT_TRAFFIC_SECRET_0 53791660e087d4bb0a265f7724d4c068584f2bd2804b487e5d0cdf149648ce3f 217b8161a4037480dde6cfe3494b282c07c879cc3a3712a94f71baa8572cd616
SERVER_TRAFFIC_SECRET_0 53791660e087d4bb0a265f7724d4c068584f2bd2804b487e5d0cdf149648ce3f 54acb2ad77647de4dce22aed88aabcef6b2b2607897332a194ed15aa2c0aae5e
EXPORTER_SECRET 53791660e087d4bb0a265f7724d4c068584f2bd2804b487e5d0cdf149648ce3f 2f89dbe4144f39a8282cbdd396df4e879883aca18c2f6f2d2c85506d7cf0223e
CLIENT_HANDSHAKE_TRAFFIC_SECRET 2f01455c5dde07bb8c5ed23a06e679c18a4ff0c5ba207d178de2f524317b67ed d0f88f6702b63d1a7481202dfff17a3a8865cf9345782b9d0ab19df0bd1c04e02e5be328426e60aa0ab8122128706cce
SERVER_HANDSHAKE_TRAFFIC_SECRET 2f01455c5dde07bb8c5ed23a06e679c18a4ff0c5ba207d178de2f524317b67ed 38a1dc7d237d3edcd405ac0c6fa331e8667942a5cfd6e19da310acb692d055954c7e692aaf1be52dba2c3e1bb7b1ddb9
CLIENT_TRAFFIC_SECRET_0 2f01455c5dde07bb8c5ed23a06e679c18a4ff0c5ba207d178de2f524317b67ed 6a95bf8777fda0af6f0d29078898195f799d0159cd2545749697374068be7801d0f980b8a1e712a2a4ae33481c77fd2e
SERVER_TRAFFIC_SECRET_0 2f01455c5dde07bb8c5ed23a06e679c18a4ff0c5ba207d178de2f524317b67ed 04d4210c6a2845bafbe2e95b1353a5839859b6920bf7e4d475f091a93ec03797a14fbada29a114b8119b0eafca299c58
EXPORTER_SECRET 2f01455c5dde07bb8c5ed23a06e679c18a4ff0c5ba207d178de2f524317b67ed 4476cb71fcf175664c860bef26a6e910105d6244882e8e6b5b0f607e8e28b017b51d72ddc20cbd6fcb1add38b0a9417d
CLIENT_HANDSHAKE_TRAFFIC_SECRET 3528ccce98b54138c6dedb8c12840820a71e307edbdabdfc037daea58bf991cc 7587a8d11e466215fa2992afbd59c7c1af5ad7f3dcfd07bb5352a242a7e9f21c
SERVER_HANDSHAKE_TRAFFIC_SECRET 3528ccce98b54138c6dedb8c12840820a71e307edbdabdfc037daea58bf991cc d277cb459677d087038b7f259836b94286dc78d9b180f1eb4d10f47d4624e0ba
CLIENT_TRAFFIC_SECRET_0 3528ccce98b54138c6dedb8c12840820a71e307edbdabdfc037daea58bf991cc 878b8098dd6818b2f04f1903576cb0f61c4ef427197e652e7bf5404996b5d29d
SERVER_TRAFFIC_SECRET_0 3528ccce98b54138c6dedb8c12840820a71e307edbdabdfc037daea58bf991cc 2bccb3b26591abd246baffd600b54dd21539f3e0debd3bab23a9dab3e3d80868
EXPORTER_SECRET 3528ccce98b54138c6dedb8c12840820a71e307edbdabdfc037daea58bf991cc 04f7382897858e72c667cf257c50985099c4ab7ab10f4d25cbc6d85931e944c5
CLIENT_HANDSHAKE_TRAFFIC_SECRET 6ca76fd979f8c549c64c2d3fd6348d2c41e0b153dd7a1ca7de25c356c0d3f6ff 58c95cd0ba028923d25159faf3b3db55c3b9a9135b3778bbeb9ee4f524ba29dc
SERVER_HANDSHAKE_TRAFFIC_SECRET 6ca76fd979f8c549c64c2d3fd6348d2c41e0b153dd7a1ca7de25c356c0d3f6ff 0f23f2362465a1427d56a592288c66c8521a961d6861d970b14f71a639707c17
CLIENT_TRAFFIC_SECRET_0 6ca76fd979f8c549c64c2d3fd6348d2c41e0b153dd7a1ca7de25c356c0d3f6ff 946559576eb8109f83a1ab2a7c5a875e0ffeba18a932d2075336fbf461d5bf52
SERVER_TRAFFIC_SECRET_0 6ca76fd979f8c549c64c2d3fd6348d2c41e0b153dd7a1ca7de25c356c0d3f6ff a4becb7b6f618eadbcf4a628745590378d16769bb5e5b59f11ec3a3fb7c43f2a
EXPORTER_SECRET 6ca76fd979f8c549c64c2d3fd6348d2c41e0b153dd7a1ca7de25c356c0d3f6ff b7ec83afd4dbb6c9fbae112a2a9440555fd67dc6f3d5fbc60e8d476b8ca26afb
CLIENT_HANDSHAKE_TRAFFIC_SECRET 711e93fecdc9992f2658b986bb81cdfbd376e1fa1091277588e3eacfb393fda6 7da9b61c88d73b3c8ed89ba60cd815bbd86c59df779931d990873a79f7a2ef1d
SERVER_HANDSHAKE_TRAFFIC_SECRET 711e93fecdc9992f2658b986bb81cdfbd376e1fa1091277588e3eacfb393fda6 f589b7da3cb5fed3aad1849ec223de28e1848b61c7385f82cdada661cf39c5c5
CLIENT_HANDSHAKE_TRAFFIC_SECRET 67b21f6102c48703a66d618612e29d8faf67f79c259cc8f6e94736211830a266 aaafc0a77a7a07cd111bfbf23b6925ee5c8a2967e318f97c3f57d61abd66cd1f
SERVER_HANDSHAKE_TRAFFIC_SECRET 67b21f6102c48703a66d618612e29d8faf67f79c259cc8f6e94736211830a266 08351dcd18d092efed02d184c9ca54842c19b0cdaff99defdf5da27fbb6475b0
CLIENT_TRAFFIC_SECRET_0 711e93fecdc9992f2658b986bb81cdfbd376e1fa1091277588e3eacfb393fda6 8048c273654fee04d5b7dc802f600e1aca724a31369fdf6c1ed714acebbcc89f
SERVER_TRAFFIC_SECRET_0 711e93fecdc9992f2658b986bb81cdfbd376e1fa1091277588e3eacfb393fda6 6a7875e55f6fef127bb156095d22a80881a7804ad6749a115f3a11f4339ac63f
EXPORTER_SECRET 711e93fecdc9992f2658b986bb81cdfbd376e1fa1091277588e3eacfb393fda6 b16b42d3e7accfa782b1baf0e67db9f8a2883af62fb6e411bebe6dd161352c8d
CLIENT_HANDSHAKE_TRAFFIC_SECRET 1a72a1ad04f1a4c23233b105ea5fbf3711305f8a525e1d2186effad2e3b2dd57 66110deb6103fcaa135a800a750b030dfa4fcb3d9ee11e98f077c499b5c33a63
SERVER_HANDSHAKE_TRAFFIC_SECRET 1a72a1ad04f1a4c23233b105ea5fbf3711305f8a525e1d2186effad2e3b2dd57 a8c8393c7f38553dc28101e2285bfd742886df4246a9577ceda20dea1d780d13
CLIENT_TRAFFIC_SECRET_0 1a72a1ad04f1a4c23233b105ea5fbf3711305f8a525e1d2186effad2e3b2dd57 9f9194c8b00e8b14db2b51933a5362957461513a5e04b6c1ed07d8581ebd53d0
SERVER_TRAFFIC_SECRET_0 1a72a1ad04f1a4c23233b105ea5fbf3711305f8a525e1d2186effad2e3b2dd57 6b5c25a776dad8641cb1dc9892fe228d9799c1b9caa50ba92af37819cc7bce23
EXPORTER_SECRET 1a72a1ad04f1a4c23233b105ea5fbf3711305f8a525e1d2186effad2e3b2dd57 2a47b13fedb85d62582a125763283c9f0771f2f3f4023cb6a250137af6de8e12
CLIENT_HANDSHAKE_TRAFFIC_SECRET f1fc9c035caa78fca158061c127a2aa8d2297cc9a9f3a5c34bab76abaa36ee33 6cf30809b572812f5904f376521dc2da53b6f3226317a4fd02faa77cc85166e5f5d74b7ee1658d7e11d8db9096c37498
SERVER_HANDSHAKE_TRAFFIC_SECRET f1fc9c035caa78fca158061c127a2aa8d2297cc9a9f3a5c34bab76abaa36ee33 516766cfec346ce15633b701d54306a97767ecf4046df670e6edc98651fa931b030035dd09642aca1eba3f4222114104
CLIENT_TRAFFIC_SECRET_0 f1fc9c035caa78fca158061c127a2aa8d2297cc9a9f3a5c34bab76abaa36ee33 49549f1ee49f6cb503a5eb109f453d185768aa138d19e2cb847cbf468e2da83f85a13c93937a3db04702e986253e3463
SERVER_TRAFFIC_SECRET_0 f1fc9c035caa78fca158061c127a2aa8d2297cc9a9f3a5c34bab76abaa36ee33 5c7efcef68a9fc2421de399a5e8809bfb5f0ca674442b756c963eb4079af43d84f0248e268cd3b13ba01c18375fdda48
EXPORTER_SECRET f1fc9c035caa78fca158061c127a2aa8d2297cc9a9f3a5c34bab76abaa36ee33 8091d7de2561473779dafb40cce19112502b4a40f3cac52ea9ae5a4c61259181f4abe093461f5b178da1d20f77849288
CLIENT_HANDSHAKE_TRAFFIC_SECRET 912031722266617ef5fc3649e0bf993d0a374ffb2b426e31dfae5eadec6b4612 63b30e17e168014bfce4c0d9be44b353835da1e340e42c713e89d669eb7923430523421c0b57e42fdef32948bdceaf7f
SERVER_HANDSHAKE_TRAFFIC_SECRET 912031722266617ef5fc3649e0bf993d0a374ffb2b426e31dfae5eadec6b4612 f7d905f52d2374a8ad0b2ea4ee574a02f01d63b4b64780ccceb22969015ecf6f4dc8fb8849b1bb30c760189404aa9d6b
CLIENT_TRAFFIC_SECRET_0 912031722266617ef5fc3649e0bf993d0a374ffb2b426e31dfae5eadec6b4612 03c7dc20bee2c78021fcfed5ae13a01d2e94a5b7fabb0e2284d6bf1365fe194a93ccd2b1b990bd1088d9d403c3023328
SERVER_TRAFFIC_SECRET_0 912031722266617ef5fc3649e0bf993d0a374ffb2b426e31dfae5eadec6b4612 a73201626c2375bdceb26af1824fe065b2ba0eb027d4808fd532dcb9c763c06eff6d098659f9f9b8abb23ea41a02da24
EXPORTER_SECRET 912031722266617ef5fc3649e0bf993d0a374ffb2b426e31dfae5eadec6b4612 ec7b13fdf3ed580319d11776057f516539807d121604c1226810a330386a539f943a0284048e0d309acb1405465d5fad
CLIENT_HANDSHAKE_TRAFFIC_SECRET 27dd5405b91369ed3c7ce41604b672c728d697e2faf5a6af1b4a0caaa42bbf2b b983a724d7a72bd93a9a987daa31124bdca6eb3d2b35ebf01e84b8113caf2908
SERVER_HANDSHAKE_TRAFFIC_SECRET 27dd5405b91369ed3c7ce41604b672c728d697e2faf5a6af1b4a0caaa42bbf2b ed345c3247da68d01bb8602786519faaf7f5789256e443900e744002a9553d7e
CLIENT_TRAFFIC_SECRET_0 27dd5405b91369ed3c7ce41604b672c728d697e2faf5a6af1b4a0caaa42bbf2b 451991070d4e2febc49d5c921d1ce9de79e75bd394f665bdb8f43bffd8062a9b
SERVER_TRAFFIC_SECRET_0 27dd5405b91369ed3c7ce41604b672c728d697e2faf5a6af1b4a0caaa42bbf2b 4465fe176a9c027d44d608bcd0f4010f0db628b166030b76e2d2be87ece07bb3
EXPORTER_SECRET 27dd5405b91369ed3c7ce41604b672c728d697e2faf5a6af1b4a0caaa42bbf2b de8a47d43eb4280f77eeb1a38a4ced48e93b7c2d6f38cef0d7a5e761c33f1be0
CLIENT_TRAFFIC_SECRET_0 67b21f6102c48703a66d618612e29d8faf67f79c259cc8f6e94736211830a266 5e3b8c0d763a560d81e0b0e20f6a03caaa0e84f856bf116209816bc3740f9657
SERVER_TRAFFIC_SECRET_0 67b21f6102c48703a66d618612e29d8faf67f79c259cc8f6e94736211830a266 90389f40f382af7a5fe1a69028e296c1743b040079427ed563f7e5a73135b08a
EXPORTER_SECRET 67b21f6102c48703a66d618612e29d8faf67f79c259cc8f6e94736211830a266 4c73916caaa78ba80556aac9bb16b198695c9879b4f1e62645f5aa05e59ecc20
CLIENT_HANDSHAKE_TRAFFIC_SECRET 096621783638ef6397a89669169a40860b4f3ca32fe612c5ea8bc2b0f1da9aa7 b422b15a6edfa300d9bf1544d6ac66ee1f28531831c91bd1a4fb43650ffc220eddaeb3c3b6183af8c386fefeabcd2c1c
SERVER_HANDSHAKE_TRAFFIC_SECRET 096621783638ef6397a89669169a40860b4f3ca32fe612c5ea8bc2b0f1da9aa7 53132fe1f5336c332d960178275c02cb334218ca26d3a866530c79009efd65fb21d0d797062aeeaec64241bc5a302b10
CLIENT_TRAFFIC_SECRET_0 096621783638ef6397a89669169a40860b4f3ca32fe612c5ea8bc2b0f1da9aa7 6b09c1c7e910b988f7a0f290a26b52740a90f6ddd14ad6f99a336c7dc5d939b9c5eb8e1d65fd9eefa052d72f9254e571
SERVER_TRAFFIC_SECRET_0 096621783638ef6397a89669169a40860b4f3ca32fe612c5ea8bc2b0f1da9aa7 77802a25f6fb716cbd40635677c8d96cef240a1212a53471780e7eb9cdbf7ed57fb6ebbd36c2bfc44cc26d80c35334fa
EXPORTER_SECRET 096621783638ef6397a89669169a40860b4f3ca32fe612c5ea8bc2b0f1da9aa7 9513a9b795993667f60e568f23c703e30f4dfcfe721a661862effab6a45d67a3c5e2b5b557a89b65ed3a88447163aeae
CLIENT_HANDSHAKE_TRAFFIC_SECRET 234eca8ae75a87c16c77b319b601ca8c2b170af35989bb8bff3e607f86b2f1a5 c326b3311077e114dee255820cd2a10b439fbc3b99c80f43e0b214bf0203080ed0e3b123ec65939b5b600fcad8c717ed
SERVER_HANDSHAKE_TRAFFIC_SECRET 234eca8ae75a87c16c77b319b601ca8c2b170af35989bb8bff3e607f86b2f1a5 2ceb1db6d788fc341bcb2e3f8b80100f34c754387cc81ef9e68dc152389d3c114479c05320c84b1f090e50cb381a9fe0
CLIENT_TRAFFIC_SECRET_0 234eca8ae75a87c16c77b319b601ca8c2b170af35989bb8bff3e607f86b2f1a5 63628afb4567e4ea0f1520c7613464fc4a24ffd8171960de41423b4fb117d6ea9f780f5b3a8182f8aeeb7c728684e498
SERVER_TRAFFIC_SECRET_0 234eca8ae75a87c16c77b319b601ca8c2b170af35989bb8bff3e607f86b2f1a5 140d0b7e528d94f3e85e8373cb16754448f6ddc5c7f66904cdf07d73dfaea3312b33bad5bfbd13cacb5d8b7dc7ba5130
EXPORTER_SECRET 234eca8ae75a87c16c77b319b601ca8c2b170af35989bb8bff3e607f86b2f1a5 38719c4a351365a4bd2ce7baaf6197430ca461891692a968cff00a172d14defbc4a54acf789e28b9f6d1396fd9fb17f5
CLIENT_HANDSHAKE_TRAFFIC_SECRET 14f3f4cdb9d85a3487f140ac5a9ca863e710ebd9c90a956e4f86139eb66df50c 2fa6f8a8ad10d7c3d7f10e3b2754162f489fa754af3ae5aa4d68a871458b30b2
SERVER_HANDSHAKE_TRAFFIC_SECRET 14f3f4cdb9d85a3487f140ac5a9ca863e710ebd9c90a956e4f86139eb66df50c ded18fbed88210c013a3b85ff6130b7d9e429153b0cfe40a6f632de32d78613c
CLIENT_TRAFFIC_SECRET_0 14f3f4cdb9d85a3487f140ac5a9ca863e710ebd9c90a956e4f86139eb66df50c 9e4e192a0711edebf3ebe4a51b048c65a59064d246d812d3820cb56cf1df7fb8
SERVER_TRAFFIC_SECRET_0 14f3f4cdb9d85a3487f140ac5a9ca863e710ebd9c90a956e4f86139eb66df50c 342b6c3bcedda35e00517f5b3cbf3d7b18522baf6d7ad45ee814557f8b28de76
EXPORTER_SECRET 14f3f4cdb9d85a3487f140ac5a9ca863e710ebd9c90a956e4f86139eb66df50c 83077a603bdaef221887ac33b84cf9fdcd3d8a569ad0079601fe7279d7cfc769
CLIENT_HANDSHAKE_TRAFFIC_SECRET b551c657d73b545bd90cea368ac76cf4e16cbe71213b91c35bfda4457787e996 de989064bb3ac5006e699b46847fb5a8258f22fb983089b0a2b28644c49b836d
SERVER_HANDSHAKE_TRAFFIC_SECRET b551c657d73b545bd90cea368ac76cf4e16cbe71213b91c35bfda4457787e996 28c01a4dc482a5eb07e9bf5ae7c28bf72453541a0e354cd34f76cf0a7451c1f1
CLIENT_TRAFFIC_SECRET_0 b551c657d73b545bd90cea368ac76cf4e16cbe71213b91c35bfda4457787e996 56220263cf73c1bf1b7ec42a831b4e04bfc92b1fc02df1d84c82e4e8256a7928
SERVER_TRAFFIC_SECRET_0 b551c657d73b545bd90cea368ac76cf4e16cbe71213b91c35bfda4457787e996 c0d4edaf6c7d28aeb7efb178d4bc7652b71a7b4e567c902b1bf09355215c1fb3
EXPORTER_SECRET b551c657d73b545bd90cea368ac76cf4e16cbe71213b91c35bfda4457787e996 030f563fcedc1ca08f54ce527128326c297a2d99c6023596ad0fa6d658152462
CLIENT_HANDSHAKE_TRAFFIC_SECRET 088837d604ba6b2e2a9158fb25738efa312006f5025a507b6aa5ed0e9f581041 6f658a89bb3887609acb072880084cec23b122f81be694eb315b70feb1e3c28d
SERVER_HANDSHAKE_TRAFFIC_SECRET 088837d604ba6b2e2a9158fb25738efa312006f5025a507b6aa5ed0e9f581041 aafb17b6743cf08e5d6c98f3536dad795306d0468c68282660447ea7cd78d240
CLIENT_TRAFFIC_SECRET_0 088837d604ba6b2e2a9158fb25738efa312006f5025a507b6aa5ed0e9f581041 1d62c069504caeb93a4f1f31b7f96f1967cd2d265e9c9d8e204aa2912f33e092
SERVER_TRAFFIC_SECRET_0 088837d604ba6b2e2a9158fb25738efa312006f5025a507b6aa5ed0e9f581041 5065d53d39ce0f4850eb2139a4ac4b21e6b5dbdce976dfd31bf0cd6a9475b4b9
EXPORTER_SECRET 088837d604ba6b2e2a9158fb25738efa312006f5025a507b6aa5ed0e9f581041 cf718f5dfd41dd8367a9682eac46406a425b6fffd4963b299be26045e7204b2e
CLIENT_HANDSHAKE_TRAFFIC_SECRET 4d35e52fc0168d4b6b42f8b06453636b54a563e7a2231808eecf034d332e363b f8db82cf55c7bc4c1661737d58a098da253b86c123bf7f8ad3491a14765ef50c
SERVER_HANDSHAKE_TRAFFIC_SECRET 4d35e52fc0168d4b6b42f8b06453636b54a563e7a2231808eecf034d332e363b 1371f0cbd6370de17f61c956ea529b6507912a82a87d151c80459cd00f339aea
CLIENT_TRAFFIC_SECRET_0 4d35e52fc0168d4b6b42f8b06453636b54a563e7a2231808eecf034d332e363b d1f939b9927e52e4fbecdc20bb3b522b0572e41c6f697c541328259d89f462bf
SERVER_TRAFFIC_SECRET_0 4d35e52fc0168d4b6b42f8b06453636b54a563e7a2231808eecf034d332e363b 5a314545c4e95dd7b91fa6e6f80f1e8edb4ba730d21e5f8b6991c839ec2c0001
EXPORTER_SECRET 4d35e52fc0168d4b6b42f8b06453636b54a563e7a2231808eecf034d332e363b 44a9741b48cc883f434762d9f59dbd117f87dc2149158da2d4c88f5c13ea0044
CLIENT_HANDSHAKE_TRAFFIC_SECRET 68eaccc47a0f400daf21705e40761c1736aaebeadf9ffbb589b6a95c031f8040 08944f09a6a2735d3e677dcf77c8777a5eb56ff1ba99cc3683eb737d952fe49c
SERVER_HANDSHAKE_TRAFFIC_SECRET 68eaccc47a0f400daf21705e40761c1736aaebeadf9ffbb589b6a95c031f8040 685adde981e44e1227dbd28c700e54502ea46777e148192e2f8b497f6df48aa9
CLIENT_TRAFFIC_SECRET_0 68eaccc47a0f400daf21705e40761c1736aaebeadf9ffbb589b6a95c031f8040 3f4e0634d01eb4b5bc2460553548853f803b4c8f0c1043956dba94c76679163b
SERVER_TRAFFIC_SECRET_0 68eaccc47a0f400daf21705e40761c1736aaebeadf9ffbb589b6a95c031f8040 d07b018a3df450e39a92fe5b44e8823c3ea2056292c625410a986c55156ae13d
EXPORTER_SECRET 68eaccc47a0f400daf21705e40761c1736aaebeadf9ffbb589b6a95c031f8040 46b9a347baffac3d558ef3b9f4d8d8f622ac1ab84a43f73f37d775fc6a9e1d98
CLIENT_HANDSHAKE_TRAFFIC_SECRET 4f0536387ad8a4eb064b48e8d5e8a9d54f261a0372c0354218448fcb0d42068b 4e7b5d4eebf9e51b2a3c9b65fabf8286c788e6d8cdd71d7764443099ea1a0252
SERVER_HANDSHAKE_TRAFFIC_SECRET 4f0536387ad8a4eb064b48e8d5e8a9d54f261a0372c0354218448fcb0d42068b 56376ee674600d648c7db7add87024d6b2c45cabbbbdaadbdf9accec64d5856a
CLIENT_TRAFFIC_SECRET_0 4f0536387ad8a4eb064b48e8d5e8a9d54f261a0372c0354218448fcb0d42068b ac8c65b14612ce970ed2a7e90fc369c269a95dbef46accc3800f68d76ed2443e
SERVER_TRAFFIC_SECRET_0 4f0536387ad8a4eb064b48e8d5e8a9d54f261a0372c0354218448fcb0d42068b 79ff81c9a8d4e66d1877c5962f88e29c9892814755b77a386af91777a5259933
EXPORTER_SECRET 4f0536387ad8a4eb064b48e8d5e8a9d54f261a0372c0354218448fcb0d42068b 9ca6c2b6c6eb624d2839ed1605abaf664c25e2bff7167c7713662afcf5fc8938
CLIENT_HANDSHAKE_TRAFFIC_SECRET 384e618c68873df1680b7173d69b87a1102ff1c32389282df9682befe450ed9a b2fb9d1cda0c4399d28356d1bda172df5efd099d7697e8e6c50b0804bfe866c0
SERVER_HANDSHAKE_TRAFFIC_SECRET 384e618c68873df1680b7173d69b87a1102ff1c32389282df9682befe450ed9a a6d679cb514c3cf84b05712ff6c8366d937f8a67f8310a8b13764cbfd05ba4f4
CLIENT_TRAFFIC_SECRET_0 384e618c68873df1680b7173d69b87a1102ff1c32389282df9682befe450ed9a 3a52ac840aac918957a8b5b93bacdcc58249d95764b86641337f41b630ddc0a8
SERVER_TRAFFIC_SECRET_0 384e618c68873df1680b7173d69b87a1102ff1c32389282df9682befe450ed9a 5ed34f56deeedbd9f778050c749486322551bd68cbd63b16559a36decf365dd1
EXPORTER_SECRET 384e618c68873df1680b7173d69b87a1102ff1c32389282df9682befe450ed9a 6dd9441821594b35ffb1e222308057a16b524cae5b3de21ecb2ce0496fac363c
CLIENT_HANDSHAKE_TRAFFIC_SECRET b14fcb50308e4a10749895235cb7bf74b9a39fe51cf88d146437014e6a3529c4 c48f8f7d60e5760427bc848765664548c2dd02a21486724d50f82dfe0c495695
SERVER_HANDSHAKE_TRAFFIC_SECRET b14fcb50308e4a10749895235cb7bf74b9a39fe51cf88d146437014e6a3529c4 644e0f37f9f72994ad4cff8f495c6551235b9906c43b42c909249273c5981eb4
CLIENT_TRAFFIC_SECRET_0 b14fcb50308e4a10749895235cb7bf74b9a39fe51cf88d146437014e6a3529c4 973d1065c1473b542f0d2a553def611bc561b1a02be66d35f8cb592413357771
SERVER_TRAFFIC_SECRET_0 b14fcb50308e4a10749895235cb7bf74b9a39fe51cf88d146437014e6a3529c4 4c2dcfbc8a416a77afb642db4067cdb75f2ff0eccd89d1b29864f1854a172fa6
EXPORTER_SECRET b14fcb50308e4a10749895235cb7bf74b9a39fe51cf88d146437014e6a3529c4 28691e0d80ab15fc2769e02b483b83b5d12985a09dee8763fed8036f2d94efdf
CLIENT_HANDSHAKE_TRAFFIC_SECRET 04668601b640597171333b7d0367b4f134c3fe2c4374168264b418e1a944c2fa a0dd03dd51dfe0187dff10b433fb7cf215c1349f070c78055a3dc29cd837db3e
SERVER_HANDSHAKE_TRAFFIC_SECRET 04668601b640597171333b7d0367b4f134c3fe2c4374168264b418e1a944c2fa 20395bbd94da7a480d6145a6f9121fda5ea6c3142d2e9e569f61e98daff6848f
CLIENT_TRAFFIC_SECRET_0 04668601b640597171333b7d0367b4f134c3fe2c4374168264b418e1a944c2fa 11e916da2da7c865703c9ec3e3e6bd3b05df77a9cc5ba92aa72111c5c0b394a6
SERVER_TRAFFIC_SECRET_0 04668601b640597171333b7d0367b4f134c3fe2c4374168264b418e1a944c2fa b37a7919dfe252bfeb548c7841c15fba927c7af79ed33b070755420ae568e1a3
EXPORTER_SECRET 04668601b640597171333b7d0367b4f134c3fe2c4374168264b418e1a944c2fa 61f289cab44c93aabca413bf2287a846e22bdc74690ed90ba40064ebf7030ddf
CLIENT_HANDSHAKE_TRAFFIC_SECRET d7a622c85088717384379c5e32502de86ed728f962e6a51b5e87f34364c76e89 9e39ebe454466a42825e1dfb655890eff4442b5ac9771739b1fc5a8d60683364
SERVER_HANDSHAKE_TRAFFIC_SECRET d7a622c85088717384379c5e32502de86ed728f962e6a51b5e87f34364c76e89 f312b8097398b656c74ccb65eb0e060d6a4704de54837ea0204184ba90b4ead6
CLIENT_TRAFFIC_SECRET_0 d7a622c85088717384379c5e32502de86ed728f962e6a51b5e87f34364c76e89 57be9b4f0e4f276df848263c0a5813faf44309e5bb91ae226a3e4a48011c60af
SERVER_TRAFFIC_SECRET_0 d7a622c85088717384379c5e32502de86ed728f962e6a51b5e87f34364c76e89 846945ba3ce6b26e1e4803213c44a9077ecac171356ae6bc83d24fe40bade6d8
EXPORTER_SECRET d7a622c85088717384379c5e32502de86ed728f962e6a51b5e87f34364c76e89 efb9ef54572ea8e406bc1fd0e1ca511f24e3f559553ca334806f783a7792e998
CLIENT_HANDSHAKE_TRAFFIC_SECRET 8debcb302f1efe66af03eb5e89bda46fdff2b8dbaaf3ccbc2d4ba40ef73454bd 97d15f328bcb71513d6b58a39b2d52e7f267b8575f915e4bcebc5e5c2b2fc3a7
SERVER_HANDSHAKE_TRAFFIC_SECRET 8debcb302f1efe66af03eb5e89bda46fdff2b8dbaaf3ccbc2d4ba40ef73454bd b7a5a76298fe9d0219ec430740fb8c53869708190efe0fd0dd227081f800b35d
CLIENT_TRAFFIC_SECRET_0 8debcb302f1efe66af03eb5e89bda46fdff2b8dbaaf3ccbc2d4ba40ef73454bd f4e70065d1e6f4d3fd1efc3326ac65881c5d5367e4e3a7f6cfe81948af5febd8
SERVER_TRAFFIC_SECRET_0 8debcb302f1efe66af03eb5e89bda46fdff2b8dbaaf3ccbc2d4ba40ef73454bd 854343402a9ce67417716fc2c329a8a10db1b4556be08e9fa72ba79d04ccdb6f
EXPORTER_SECRET 8debcb302f1efe66af03eb5e89bda46fdff2b8dbaaf3ccbc2d4ba40ef73454bd ae614c8c971360ec647e410612d670964f4733aa8b481b6c9d68f3e5dfd5c99a
CLIENT_HANDSHAKE_TRAFFIC_SECRET c0ed57b3104d6c9f05ef2190703e02f08a12850bf758338e95c9743f15741717 90e7e2519ef10efc23990416fd456834764c1aa828398e44c0cec2c3b62eff4f8cd88e9664c19d7b08ef75a02831fb6a
SERVER_HANDSHAKE_TRAFFIC_SECRET c0ed57b3104d6c9f05ef2190703e02f08a12850bf758338e95c9743f15741717 27a175dbba9900e525f97f1db5dea8cce63563a99aa80057eb1d14917df39cf40ad67c3dec4f3503c26fe6899ba61d06
CLIENT_TRAFFIC_SECRET_0 c0ed57b3104d6c9f05ef2190703e02f08a12850bf758338e95c9743f15741717 4354738d654852a597a70d659b099052606477ed09e9d4a7481868f3dbbe518b5d26cfb7a2ef9458ef214f4fb7a723f4
SERVER_TRAFFIC_SECRET_0 c0ed57b3104d6c9f05ef2190703e02f08a12850bf758338e95c9743f15741717 2ebcc3e1b051a8748b8f15f5d06938d5496375f0b68f60e0a6822ef91f22c4c73bfe65edeffaaa313b3822ef10493dd0
EXPORTER_SECRET c0ed57b3104d6c9f05ef2190703e02f08a12850bf758338e95c9743f15741717 245431b99af558fb9fb856f4c3804dcc6d8579a727bf949c3d9f083e29c2060314a85f27091170e9d3b203c42c010259
CLIENT_HANDSHAKE_TRAFFIC_SECRET bc9a126c3337452b1ba9c14e5e4add39189d75fc459c55835e57036907f46611 669dc16490b7b7b4b50dac3a09387ba42fbdf9549d5b54fc1768402cdb9766e4b6011450878f72aac445d39e1b62d1c1
SERVER_HANDSHAKE_TRAFFIC_SECRET bc9a126c3337452b1ba9c14e5e4add39189d75fc459c55835e57036907f46611 12922ff58999465311ea02473931474c82ef2f33fca7c74e4f45434dee397eeb5fe40a9af4d4623568649d9eed88945a
CLIENT_TRAFFIC_SECRET_0 bc9a126c3337452b1ba9c14e5e4add39189d75fc459c55835e57036907f46611 03d5244fd5c4283c7f248d401c2dcd1fe12e7cf8813f9c6887f8970562a7a96327d9a00bd276b8086eaf6b4d77ec3692
SERVER_TRAFFIC_SECRET_0 bc9a126c3337452b1ba9c14e5e4add39189d75fc459c55835e57036907f46611 390ef7b596baa59d71e1ee7bc16fe66012eb10ef9a7777d6b2339525a05eb6e911d210e31a7831b168897df50cf916fc
EXPORTER_SECRET bc9a126c3337452b1ba9c14e5e4add39189d75fc459c55835e57036907f46611 853408a2a9879be7d2f26e43f10f20a0649a00cc3858f0db657a28260f61c11c3649639f09484ef35d3312b9e5d573e5
CLIENT_HANDSHAKE_TRAFFIC_SECRET 0ad448c6da88b62eb85ebcfeba3f9f6d3e1ea653506bb8058b39c6ce2da6fa5c d83368c1286a4c3681337fc530173b8bb6735d2d11fcd7edd25637e76c028f3ad5311d5d42c0afaea3b254a2108eeda5
SERVER_HANDSHAKE_TRAFFIC_SECRET 0ad448c6da88b62eb85ebcfeba3f9f6d3e1ea653506bb8058b39c6ce2da6fa5c e51e2b2f3863fd30c43fd1f857cc295fdcb24dc2638199384da7dbec913e6bf0cb245b5f7226359652f4e69a7bfa2f2f
CLIENT_HANDSHAKE_TRAFFIC_SECRET c4462b0128196310b8447dc9e3456c522ab3a1fd3f82579726f65b868d8ddabd 0453dbe3932f132bc14bd6d96eb7d9eea06c30943c88e62182ce1084525aeed9
SERVER_HANDSHAKE_TRAFFIC_SECRET c4462b0128196310b8447dc9e3456c522ab3a1fd3f82579726f65b868d8ddabd b6266694407f54429d9be0bf8086291633c4601da947a7fe861702b8b8e32a8b
CLIENT_TRAFFIC_SECRET_0 0ad448c6da88b62eb85ebcfeba3f9f6d3e1ea653506bb8058b39c6ce2da6fa5c bf9db4363b6311cf9ad4487cdf642a1986e2ad55c86650aa85e9a8b160160806803114f03754477ddb288c3ba3a48579
SERVER_TRAFFIC_SECRET_0 0ad448c6da88b62eb85ebcfeba3f9f6d3e1ea653506bb8058b39c6ce2da6fa5c 818da7100078d7bc5d3a83b18b59176fff2bbb11cebd6c50aa523beebf44f7ce66f73d9400150d407d45a5b4c9c1b18c
EXPORTER_SECRET 0ad448c6da88b62eb85ebcfeba3f9f6d3e1ea653506bb8058b39c6ce2da6fa5c f5d7a1a710b2d5b323dbb47951fe6ac83d12fde32873e27c50fd30acc0dad9bdb2a19c41cccdd9e4058da7341da6915a
CLIENT_HANDSHAKE_TRAFFIC_SECRET d75099d2f9cf30141746184874eb05d169d90c93b5b11177e38192f4c6ed747d 348290c211f14a17b246e9ae64459a178b110113c4c0f5630b4ebf48441830de
SERVER_HANDSHAKE_TRAFFIC_SECRET d75099d2f9cf30141746184874eb05d169d90c93b5b11177e38192f4c6ed747d 702466691a8dff45b5051f25d04753b4da105afef45518e75b2b9e2f80fecc43
CLIENT_TRAFFIC_SECRET_0 d75099d2f9cf30141746184874eb05d169d90c93b5b11177e38192f4c6ed747d 9a08dc362e22f6993cdf343f15c83c98d9836ffafbd966ca3b0792ea47bd9c3a
SERVER_TRAFFIC_SECRET_0 d75099d2f9cf30141746184874eb05d169d90c93b5b11177e38192f4c6ed747d 2288b80877d1f87475cd5c11676a924cd6035c93a40e5218e7cf3c4805107adc
EXPORTER_SECRET d75099d2f9cf30141746184874eb05d169d90c93b5b11177e38192f4c6ed747d 4c59995c4cc049d356c603a4a3040bd7077592f09728641c0deca7ea7f1a5211
CLIENT_TRAFFIC_SECRET_0 c4462b0128196310b8447dc9e3456c522ab3a1fd3f82579726f65b868d8ddabd 949d736f65d22446e0a85c1c59cd670a0e91b2500c36355ff2cf84a590ed7a6a
SERVER_TRAFFIC_SECRET_0 c4462b0128196310b8447dc9e3456c522ab3a1fd3f82579726f65b868d8ddabd 14865fdb370f62f78be2ec042bc6d063d872436ebb8b58e8b982eb5759e2f52c
EXPORTER_SECRET c4462b0128196310b8447dc9e3456c522ab3a1fd3f82579726f65b868d8ddabd 350ce4f4cffc562bdb24c225e3bf7876311ae3f061b47a7b910b96d8513f4546
CLIENT_HANDSHAKE_TRAFFIC_SECRET 5cfbc125ec1e99a0e7ae35578d3e1981872693eed8324882fff15e095cec8770 51854c66e421b704aec32f2de6ca6d03affcb9ea03a4a12d0f745d2203f259e5f76f14881cacae2fbebb63dcc2f6971d
SERVER_HANDSHAKE_TRAFFIC_SECRET 5cfbc125ec1e99a0e7ae35578d3e1981872693eed8324882fff15e095cec8770 bd3705c710b772667aac8968bca414af1243c3bb12ed4a3bdca7a3dd87fc1c0b5f24a2a1a4776251e8846ae0c1fd73ca
CLIENT_TRAFFIC_SECRET_0 5cfbc125ec1e99a0e7ae35578d3e1981872693eed8324882fff15e095cec8770 889b87f0b338ffd92f249bcd7aa7b8016f75fa6c60702a876bb40653840545c27ff264b74d6deb5759a66c05f2aa6204
SERVER_TRAFFIC_SECRET_0 5cfbc125ec1e99a0e7ae35578d3e1981872693eed8324882fff15e095cec8770 d5bc156997502d07ca225271ab6dff4b6f13e0492252bf2707aebc25f3e9c90e051da2bb3b2a0b8e7160d51561a3e8eb
EXPORTER_SECRET 5cfbc125ec1e99a0e7ae35578d3e1981872693eed8324882fff15e095cec8770 a825614cb2a1a2776dccc244ed706bb4e5837ea01aa8f947bf8bab3596ad1258a8c33d4423af72331e79e4e4b3ee9e2d
CLIENT_HANDSHAKE_TRAFFIC_SECRET 17bc3f15bfacea7d4d8361768043128edad9298bf62d1c27b23bd12968160414 8e0ee7ae6214e2a8349a05cfa4083a22e1ad50e010325c8871af65a0e782bc0a
SERVER_HANDSHAKE_TRAFFIC_SECRET 17bc3f15bfacea7d4d8361768043128edad9298bf62d1c27b23bd12968160414 51c8989c4e104badde9217032d433d41621f31b0efb89d709c7e663c4119565a
CLIENT_TRAFFIC_SECRET_0 17bc3f15bfacea7d4d8361768043128edad9298bf62d1c27b23bd12968160414 489774d6967e6c7fe9f5d3052e0cd1a78f6f2c233585e5c00d9d36d0b439d7bd
SERVER_TRAFFIC_SECRET_0 17bc3f15bfacea7d4d8361768043128edad9298bf62d1c27b23bd12968160414 ec1f804ec3784cfb61c1ffdac6b79f82af70df7cbbc63082e32edcf14c95790d
EXPORTER_SECRET 17bc3f15bfacea7d4d8361768043128edad9298bf62d1c27b23bd12968160414 918e1d2fc8f6104f449669e62707d09f7ae22ad6da314488d49058b75df8163b
CLIENT_HANDSHAKE_TRAFFIC_SECRET 947abf9505bf8d10e298a8a2dbe4bdb030f4e3eeac24232a40056ce6a55cf037 88666efb583d45ebc222c18a1288d4f932575fe773df45b20596d981ecd91ca5
SERVER_HANDSHAKE_TRAFFIC_SECRET 947abf9505bf8d10e298a8a2dbe4bdb030f4e3eeac24232a40056ce6a55cf037 c6ab9de8bc955fd66c981fa9b90b55b9ebbb61866b2581f9c8034e2c5629bdf3
CLIENT_TRAFFIC_SECRET_0 947abf9505bf8d10e298a8a2dbe4bdb030f4e3eeac24232a40056ce6a55cf037 4e5316e0f519f83cd7dfd69e0c8c7c5529e0c9816dd4e8ad6d740c666581eaae
SERVER_TRAFFIC_SECRET_0 947abf9505bf8d10e298a8a2dbe4bdb030f4e3eeac24232a40056ce6a55cf037 e79d34723abe0bbe1b555c34c5946ba2f696cbe9b9b7afc5fdc7240fa7ba0bed
EXPORTER_SECRET 947abf9505bf8d10e298a8a2dbe4bdb030f4e3eeac24232a40056ce6a55cf037 0fd33ceef2cc24f3a86cd1a36bc93ad227f98bfe590dc04997fa68a19f90a7e1
CLIENT_HANDSHAKE_TRAFFIC_SECRET 9501c5878f92373efdc6cc86e317d59dc92d12e4432eed4193f821ce7ad69a40 c890c4bed90052c321f352de8464499587b33ac39b7ec6cb1922816d7d80346178e3ec6315c8a2fc5e10f9bfe045857a
SERVER_HANDSHAKE_TRAFFIC_SECRET 9501c5878f92373efdc6cc86e317d59dc92d12e4432eed4193f821ce7ad69a40 93b16f18aefb5dca0a1a140ef6012fb7ed8416ad1ce9bf10dae1b9037a1f429e24b2a305d6f460054b92fd94614cfe05
CLIENT_HANDSHAKE_TRAFFIC_SECRET 5a15cd207ee838b5387e60651796d1b95b92c8cca228389836fb8591eeef18d7 9e98b2febfa72899416a0ddf90a081a85b31cfeb7bc4dc7d90ad2c264ec457556223d43189d237e32f6dbf32f673adc3
SERVER_HANDSHAKE_TRAFFIC_SECRET 5a15cd207ee838b5387e60651796d1b95b92c8cca228389836fb8591eeef18d7 9c949088d648c46aeadba255deca553d179fd8558080e08d725c6daf7e6c48dbf5d8a1466432ebffe61a02735a46496e
CLIENT_TRAFFIC_SECRET_0 9501c5878f92373efdc6cc86e317d59dc92d12e4432eed4193f821ce7ad69a40 44af286a449041ca36d41c7c6dec578348477970a84441465d6feaf4f91d8b044e0e8ef17380b1e2aa72bfedce019bc5
SERVER_TRAFFIC_SECRET_0 9501c5878f92373efdc6cc86e317d59dc92d12e4432eed4193f821ce7ad69a40 8ef7343877f55943377a0729e9336a24a94a07d7d03492a645f8517e94b980a38eee3570277366517c40943e369045ac
EXPORTER_SECRET 9501c5878f92373efdc6cc86e317d59dc92d12e4432eed4193f821ce7ad69a40 b579b63a7d4934973c093b4d80f7d6daf5908e34402e6ea5027cb4160c06b6fe5d534142da9c1bb6d4f4b8a597568d9b
CLIENT_HANDSHAKE_TRAFFIC_SECRET 0c8f236a8bc0425d0ffaa7156e7b8440b67eebc52d89453e22f5c4da6ad65cc8 901bfd2e84e354c57b8be5a55c47de619279a4bb9ffb89d3c815657305e88d0a25f9ef4bd668bbe91448e6d8896acb8a
SERVER_HANDSHAKE_TRAFFIC_SECRET 0c8f236a8bc0425d0ffaa7156e7b8440b67eebc52d89453e22f5c4da6ad65cc8 f50e9abffcaad8e098e28675f05596a1b5a4f648ac31d00de2c8809fffbc934091411694595883fbb366a747f5698aa8
CLIENT_TRAFFIC_SECRET_0 0c8f236a8bc0425d0ffaa7156e7b8440b67eebc52d89453e22f5c4da6ad65cc8 fe2892de60f23f92e4147bd82f496008ab48165ed86426b590c40d05918bf0cd13a5da4fab697bc605feb9a51dd842e1
SERVER_TRAFFIC_SECRET_0 0c8f236a8bc0425d0ffaa7156e7b8440b67eebc52d89453e22f5c4da6ad65cc8 cfb81e4c35c10ab77a0ee9b341dd6a2e7897c0b439d67c1a5dc9e58f92db65aa31750c383f033fded36ce412568b1edf
EXPORTER_SECRET 0c8f236a8bc0425d0ffaa7156e7b8440b67eebc52d89453e22f5c4da6ad65cc8 fac137985c0c2617e400a7f915ef366a0fb85f76cc815de8f3f42a177feb7d38808622565f6c34def86a024a3212cc2f
CLIENT_TRAFFIC_SECRET_0 5a15cd207ee838b5387e60651796d1b95b92c8cca228389836fb8591eeef18d7 3722c03850f9e09c80a856aa660b7133c9962c3820082f252096a83fede8c22b4aa6cdaab3a5c1006e47280f2bde2484
SERVER_TRAFFIC_SECRET_0 5a15cd207ee838b5387e60651796d1b95b92c8cca228389836fb8591eeef18d7 ada49283a0159d3624e0e0076fe8a6cffa80d97c80dca211d6c4beeb9403593201c1d454ddafafbfab1f40f7543f4994
EXPORTER_SECRET 5a15cd207ee838b5387e60651796d1b95b92c8cca228389836fb8591eeef18d7 008f0467e3dbe4dd1cebd61ccbc8d05a74db8d378d65f7fdca68676a0d355026efbe8e3456dd6e41a1199fe8d43f3eae
CLIENT_HANDSHAKE_TRAFFIC_SECRET 48142ca352609cc27ef9feb508cff187526584e8dc0e3a54ef46294b70f546b3 e9703ae37b16cbd9d5e1849fd5ea8b0c1456ef0067ccad28be8f87c64c230b97452fb9a065abf2dde0410cbef7b79bd8
SERVER_HANDSHAKE_TRAFFIC_SECRET 48142ca352609cc27ef9feb508cff187526584e8dc0e3a54ef46294b70f546b3 4b8492876aec83c30cc69a2ee6214b6c66e40d143128190c3b56c1ea2176d3161c943c48813bed24f8e7a92795337a80
CLIENT_TRAFFIC_SECRET_0 48142ca352609cc27ef9feb508cff187526584e8dc0e3a54ef46294b70f546b3 2b2a2218a2b09f71344a9110770aa0f9196c2e7eb724e459db96b122755611831538fc248df3fea076adc41e434c5436
SERVER_TRAFFIC_SECRET_0 48142ca352609cc27ef9feb508cff187526584e8dc0e3a54ef46294b70f546b3 7827a87df1bae3efe08a8578eb695927ede35cd70f2004f4dab37d05320596b65719c4f25b31cd7fd7cab373c321c971
EXPORTER_SECRET 48142ca352609cc27ef9feb508cff187526584e8dc0e3a54ef46294b70f546b3 f69b255e041c61e58227d453ef78f247196815d146c7d68e0630bb486da06645851bbaba6e45f1ff0b3e59749a5e8da5
CLIENT_HANDSHAKE_TRAFFIC_SECRET 49f41cb377962e04686cd692d69289b6b52100a4009513ee2e71cb60cf20e8c2 f8e55ef94946d8694a740fbea595c83718db243d9bb9188c1388a1e85796d36331202826b5758309a78348c8b21c804e
SERVER_HANDSHAKE_TRAFFIC_SECRET 49f41cb377962e04686cd692d69289b6b52100a4009513ee2e71cb60cf20e8c2 ba5ba7b6566137cbe5b0a77afb4b48fed27ccb201490662ac148ee2389fb293efbf7de97c355f6d0e185dd2edde42cb5
CLIENT_TRAFFIC_SECRET_0 49f41cb377962e04686cd692d69289b6b52100a4009513ee2e71cb60cf20e8c2 d8f2f511de1812f58d0dc139d6948cfc7148354f54a40ad4395416ae8a8acaed58601afe1b1846b71bee2b22cf0eb344
SERVER_TRAFFIC_SECRET_0 49f41cb377962e04686cd692d69289b6b52100a4009513ee2e71cb60cf20e8c2 5635905fe0bea1df658dd590b004fe249baa525b787e65e16e7783cc449e28dc964eedbfacb6854f303d7edb7668e832
EXPORTER_SECRET 49f41cb377962e04686cd692d69289b6b52100a4009513ee2e71cb60cf20e8c2 a5de62e3d34e7962cfe731195758e182f17a539f8d76ef5ec510dc6de4ccff68e0ec31316dc16f79963c3f2a26830337
CLIENT_HANDSHAKE_TRAFFIC_SECRET dee4131bfaa44100fa48a041a1320521f10773236692eead0e826a3839254143 0659fa064399f60fda0f933cd9c99c4be9c08e9804a7757254b33f7835d55ff320eeac42f63a019ff7ab5bf37e16e03c
SERVER_HANDSHAKE_TRAFFIC_SECRET dee4131bfaa44100fa48a041a1320521f10773236692eead0e826a3839254143 5bc9352a6636ff4ad34a1b0d7ad4ede9c1f1b7b96ec73d41b0effad199057c4a8a9a0b379a64660b495bb8f0df0680b4
CLIENT_TRAFFIC_SECRET_0 dee4131bfaa44100fa48a041a1320521f10773236692eead0e826a3839254143 1d87e9d02ace5040ff2f944a92855d03e483b66aa53924cd562e50b8619b4173ba34792fef31769d680209c69e9e180c
SERVER_TRAFFIC_SECRET_0 dee4131bfaa44100fa48a041a1320521f10773236692eead0e826a3839254143 1bd174e0abbaeffa7b6cb75385b867d0ceec1f1a2d99ea654edbd9380d0effd378b511538490253e658d43f6db796e42
EXPORTER_SECRET dee4131bfaa44100fa48a041a1320521f10773236692eead0e826a3839254143 65b8111e56fcc9dbbba99bad37b584ec7cbcf4630d8297fd81a386fbe56111269603ba310e0a305def14f60d0750e639
CLIENT_HANDSHAKE_TRAFFIC_SECRET b9781a365159a5fb5fe45c846679bc9e21f3b2986445c183d14f3a83d48cf5db 6c3478abc6e2b87608c9624c1bbb796e7c4a793c515f85e9ff960a2dc5498a35e5817a6e2f702ea5611f8ab9cd03768e
SERVER_HANDSHAKE_TRAFFIC_SECRET b9781a365159a5fb5fe45c846679bc9e21f3b2986445c183d14f3a83d48cf5db c79e3d1a60b8387319d0fbb98672c16eaea3aa1246657f84f6307452495fd9987bde547156470477e00da201c3acf0f6
CLIENT_TRAFFIC_SECRET_0 b9781a365159a5fb5fe45c846679bc9e21f3b2986445c183d14f3a83d48cf5db ab3c97c680430dc71f211855eff1a32b642000c97c127ada6cccd8fb0a6f5a233a5f1f6e49ed4c2c08d76dfeee5ed4d9
SERVER_TRAFFIC_SECRET_0 b9781a365159a5fb5fe45c846679bc9e21f3b2986445c183d14f3a83d48cf5db 0cd39d9eb956836a478c49fb844180e62ee44d347a8e66e6ef3585bdc1b2003f66a88a9c62c07d6a157c35cac06c4eb2
EXPORTER_SECRET b9781a365159a5fb5fe45c846679bc9e21f3b2986445c183d14f3a83d48cf5db c0eb770a70e985b1ed2e8f02676fa6a613faa38f5596511248007f18db1410c1651a7e03ce4206a13c23b1f58f75f402
CLIENT_EARLY_TRAFFIC_SECRET bdd3e5057279c3b29b9457e0c52974955354512a4944c795525c571237c65670 d3dde6ef141964f39b9a26467195e4834a704bcc5b5ddca2e660101f96340ac1
CLIENT_HANDSHAKE_TRAFFIC_SECRET bdd3e5057279c3b29b9457e0c52974955354512a4944c795525c571237c65670 6ca1887d8bd1611de5c5881761ed795aed6d472339aab31be399c4559b6ed3c5
SERVER_HANDSHAKE_TRAFFIC_SECRET bdd3e5057279c3b29b9457e0c52974955354512a4944c795525c571237c65670 ea0ca33ba3b1882022224194202ea53a68b6f94debd8a0c8810e56a7c054b327
CLIENT_TRAFFIC_SECRET_0 bdd3e5057279c3b29b9457e0c52974955354512a4944c795525c571237c65670 6904a1c2514167da0b7c25baa8e447f47e9862b5503ba4fa61f16ab729e11301
SERVER_TRAFFIC_SECRET_0 bdd3e5057279c3b29b9457e0c52974955354512a4944c795525c571237c65670 906fe33a3ebf0036642ed295322f71c18e76cbd0a196869cd2b65c159f4a9344
EXPORTER_SECRET bdd3e5057279c3b29b9457e0c52974955354512a4944c795525c571237c65670 a6a1b4c21133e359fd9af38172a83caeaceebe9f01ba10370769f0ace382899d
CLIENT_HANDSHAKE_TRAFFIC_SECRET 5717fd15c61f8fab06caee4b4de9d5be14f023ded6e221f5a682d8c2172b6d7b 262ad12941520a151064b2dfd47f8a0747412e33965acc038b5f7bde54ead21688f9d77114f0e7a8c429a07519204fe1
SERVER_HANDSHAKE_TRAFFIC_SECRET 5717fd15c61f8fab06caee4b4de9d5be14f023ded6e221f5a682d8c2172b6d7b 58301300693fc56f12c81f30965210583951315e540600ea847f63f5e5560a6f614b327f0af824b573b0b1e5dd944907
CLIENT_TRAFFIC_SECRET_0 5717fd15c61f8fab06caee4b4de9d5be14f023ded6e221f5a682d8c2172b6d7b 33a27dd6adb82e1c2cd36ded3c44b395c071ffc25b67dd3d4c3bee427853d7757d769aa1eed6b6f9a18cbb6530730108
SERVER_TRAFFIC_SECRET_0 5717fd15c61f8fab06caee4b4de9d5be14f023ded6e221f5a682d8c2172b6d7b ab3af5518fd2874c935002ab364af48043d4b1be95d4b2d8f707544c7b8e6b755d283975a85b875cdc10c3c7299776e3
EXPORTER_SECRET 5717fd15c61f8fab06caee4b4de9d5be14f023ded6e221f5a682d8c2172b6d7b c34ca633c0aaea5f10896069af6943286e7a6fdbbea5d2fcb8da0f2e18237c31b4aa76cf76134266765acdea0d22bc0d
CLIENT_HANDSHAKE_TRAFFIC_SECRET 3b7744913f035bf5973401b06748bd8c6146caa09a5b7a4391b04aea0004c2ec 59724b2a1e6c755967ada819d81d89ba73a741d8975b158f824773f2780e8c015847560465da04660f9a35b53d410ef6
SERVER_HANDSHAKE_TRAFFIC_SECRET 3b7744913f035bf5973401b06748bd8c6146caa09a5b7a4391b04aea0004c2ec 4be1d1b4cf56af41ff734638924dd6ce5bd21229d9c7ed3e36df7b873e8ec3ae1bc2893b2f2ed9a226a9ae30bd2479e1
CLIENT_TRAFFIC_SECRET_0 3b7744913f035bf5973401b06748bd8c6146caa09a5b7a4391b04aea0004c2ec 9fc3f4d3e7e09b6d0b49d4a6977702aef315a6f489a345bd611695751dc892af070f23b2589e2b1880483f86d08861fa
SERVER_TRAFFIC_SECRET_0 3b7744913f035bf5973401b06748bd8c6146caa09a5b7a4391b04aea0004c2ec 16b1949a63a2bd0b51f23a154421eda51c673d2fe7bd90c95f4cba105b6cd067f5c894307fcaf1e2ed8cda21cf2b747c
EXPORTER_SECRET 3b7744913f035bf5973401b06748bd8c6146caa09a5b7a4391b04aea0004c2ec 4bf29830f91a3ef2be6061c42b5b412178b952cbdefa88d0c9dc1068c0d4b2d7d226887930c192ae67625dc166f4e240
CLIENT_HANDSHAKE_TRAFFIC_SECRET 60e46a646489ac6347cbab71a26c6c3ba75a813243c954330f7be69c61f9fcbe 20e7b3c4547b5e74c2b91616283b137327e4d0d59c7f21ab234f107973f2276c
SERVER_HANDSHAKE_TRAFFIC_SECRET 60e46a646489ac6347cbab71a26c6c3ba75a813243c954330f7be69c61f9fcbe ae3a699808c35782318a99dd8a6d3d4ef333ce6f9f023e03b968e6d26c1e947b
CLIENT_TRAFFIC_SECRET_0 60e46a646489ac6347cbab71a26c6c3ba75a813243c954330f7be69c61f9fcbe 6c5afd51a537496162951d5a2d96ee49a567d854a958563dc1b0b4a5394458c9
SERVER_TRAFFIC_SECRET_0 60e46a646489ac6347cbab71a26c6c3ba75a813243c954330f7be69c61f9fcbe 06d82e4847d766d7ee32a966a982fa28d76e594c772c7a444d58b77da143c367
EXPORTER_SECRET 60e46a646489ac6347cbab71a26c6c3ba75a813243c954330f7be69c61f9fcbe 913c6747c41b1b90089a4d97e69ec950ebd2c7790a5e50a9037c707c3ccb49de
CLIENT_EARLY_TRAFFIC_SECRET 1d1ede1b166748d69cffca614a21aa7702832c4fb93dd8776e727b98263bf92d d3414271d0619e12a514838ca22764c0b68fa82ff1e6af59dbcfd2b8b1efb1d3
CLIENT_HANDSHAKE_TRAFFIC_SECRET 9bc8ce994118b324e53d8daded38eb75ac7ee340170a473cc4161f76f0f6a69b 81edbbe8f70e75f41839b6855cef0eade308194eb0f966767997ae953dc5529a
SERVER_HANDSHAKE_TRAFFIC_SECRET 9bc8ce994118b324e53d8daded38eb75ac7ee340170a473cc4161f76f0f6a69b 90a052494974b600985987cbf12cfa27aa5aa3687486352d6fc6d4638bd24391
CLIENT_TRAFFIC_SECRET_0 9bc8ce994118b324e53d8daded38eb75ac7ee340170a473cc4161f76f0f6a69b 466d9a28edd85a6ebcca48fc27db7739cdd008a070b3bb7b12e8bc7f5d1c5c25
SERVER_TRAFFIC_SECRET_0 9bc8ce994118b324e53d8daded38eb75ac7ee340170a473cc4161f76f0f6a69b f6252b48c2a8d3893839f622c339b0a7b7474df9f144b60bd18f984b0a65610a
EXPORTER_SECRET 9bc8ce994118b324e53d8daded38eb75ac7ee340170a473cc4161f76f0f6a69b 53b0cc6ff32f3f6484e41eb212806851fdaf55e5a431aba0f9a53581722ece43
CLIENT_HANDSHAKE_TRAFFIC_SECRET 9f8ee652e68a41022e0c433f0d2c8ef7c7bd1bc944ba591ef8631a297904ab18 3d27d7ef823a73b96f5185bd3447850d8e4fef21ccfcd18effea17f91c7a3e4f
SERVER_HANDSHAKE_TRAFFIC_SECRET 9f8ee652e68a41022e0c433f0d2c8ef7c7bd1bc944ba591ef8631a297904ab18 9b4f51be476690371aa2809d84ee1cd390de8b885c2d42513195a3529c4ed5f6
CLIENT_HANDSHAKE_TRAFFIC_SECRET 66dc84717af47741e2aba9fdabc76c0728dc3145caa756875ac50303b4d50804 5d59e59ed6b3d2b44fbc240a662b56312034b07711506d31100a10a4a59043b8911a818979164331196868a61ab74f98
SERVER_HANDSHAKE_TRAFFIC_SECRET 66dc84717af47741e2aba9fdabc76c0728dc3145caa756875ac50303b4d50804 308b1bc9219013ba9f9af027447471d2b6c4c2fd4e20e0633d9eb5c4365a1eff14fa64d309436898cb968e70b237c774
CLIENT_TRAFFIC_SECRET_0 66dc84717af47741e2aba9fdabc76c0728dc3145caa756875ac50303b4d50804 0592f58dfb6f835294bf5d98c90afafc4bd308f55f2cc8c635faa9d651252de2acfdc9fb88ec017d3b65d6d0d7a5112e
SERVER_TRAFFIC_SECRET_0 66dc84717af47741e2aba9fdabc76c0728dc3145caa756875ac50303b4d50804 a5874ecdccbaa627f9fd44670e806e29ff5b67b93bebb24db7fe0a0d0d843237865325e4a27e81b3b457f33347b5b2f2
EXPORTER_SECRET 66dc84717af47741e2aba9fdabc76c0728dc3145caa756875ac50303b4d50804 e82c38939c05f8741d92f7e9bdbb8649e406f4b8cd0a5907a824c4cf9f7fd86afe002a14e16201a6edb2961b49021feb
CLIENT_HANDSHAKE_TRAFFIC_SECRET 6b890bf23c140bebbbe3172a23d4a7a1f1c16d1842799642e2344e02c3256171 201b68ffc2d732ae2ee0834f2ffb8fbb2fcd3638ae5969a1cc6f51802e071b64
SERVER_HANDSHAKE_TRAFFIC_SECRET 6b890bf23c140bebbbe3172a23d4a7a1f1c16d1842799642e2344e02c3256171 9654aefd6c4913d4ea111359ec8a308ffcfeaad87d86147941b1c9e58abc7ab9
CLIENT_TRAFFIC_SECRET_0 6b890bf23c140bebbbe3172a23d4a7a1f1c16d1842799642e2344e02c3256171 8832e7a9e5aceb0b5895575538cc28709064fbe6ed166d617011b933c9415e14
SERVER_TRAFFIC_SECRET_0 6b890bf23c140bebbbe3172a23d4a7a1f1c16d1842799642e2344e02c3256171 7e4b1a2d86f3dbb59c6f58ff093ae0869aee8d66f56c53ffbb8765858849423c
EXPORTER_SECRET 6b890bf23c140bebbbe3172a23d4a7a1f1c16d1842799642e2344e02c3256171 f82b5f617558821aa62ab1173b41758e9c73653e12452b4efc2456610556af99
CLIENT_HANDSHAKE_TRAFFIC_SECRET bc9b11535a1c09339d4b6dfa14b003c42063b499f4af783c4d56b1a597401462 d82c82c043c983ab23e959b21adfbfd8bafead82e58e0bcdabbc15de6012b7fe
SERVER_HANDSHAKE_TRAFFIC_SECRET bc9b11535a1c09339d4b6dfa14b003c42063b499f4af783c4d56b1a597401462 2637df387e2265b8ba619bbb4a213c29b813b4009fd44b0691ed1c8eb083c68a
CLIENT_TRAFFIC_SECRET_0 bc9b11535a1c09339d4b6dfa14b003c42063b499f4af783c4d56b1a597401462 7eea83ff739d82a67d43db1cf458a8ae29f8ae7e2564bdf30a2ebd73707f68f2
SERVER_TRAFFIC_SECRET_0 bc9b11535a1c09339d4b6dfa14b003c42063b499f4af783c4d56b1a597401462 a7c2851b1d13529396850d23f003b420b233c7a8c8872e14cb05ddadb4d66b0a
EXPORTER_SECRET bc9b11535a1c09339d4b6dfa14b003c42063b499f4af783c4d56b1a597401462 87429e650da04a7212341f00c3813e2f4300dc5d7fc8614adba4a652208921e0
CLIENT_HANDSHAKE_TRAFFIC_SECRET 4ab59ad1f327c802cbc9b23c824f6ffdc5e53af59dcff6859792f60a0b6da858 ec90e1f1284f12818d3912e41e1d3eaa56b5ff2c7fc0898793f6a59351f0f13c11b871e5cf6b8e6478276c3097a276a6
SERVER_HANDSHAKE_TRAFFIC_SECRET 4ab59ad1f327c802cbc9b23c824f6ffdc5e53af59dcff6859792f60a0b6da858 d7258aa7f52b3c74800888095c71bd3d868ecd7ff75cd6cbbc4cd5b83cb76cb66e58a8f0b49ed698dac884f78384fd3b
CLIENT_TRAFFIC_SECRET_0 4ab59ad1f327c802cbc9b23c824f6ffdc5e53af59dcff6859792f60a0b6da858 b81f6fe1878a91ddbfbf7cda9c53ca26e55aec4238d4b1027a0de5a94c81d1c5a7f916b9767adce95ff1f8590220e830
SERVER_TRAFFIC_SECRET_0 4ab59ad1f327c802cbc9b23c824f6ffdc5e53af59dcff6859792f60a0b6da858 b3fdcfeac6f406d59a9cfc16c8ba4177434d97fbf2b6af580bdceab6a0a2e171da4a92a0ddda9ecea0db59d077a613dd
EXPORTER_SECRET 4ab59ad1f327c802cbc9b23c824f6ffdc5e53af59dcff6859792f60a0b6da858 bec050217d0b17bd8230ef49332285bdfdc1c7d472f21b780a0fa298bfa80757020b3e0cc078c581fe6d708328760e0d
CLIENT_TRAFFIC_SECRET_0 9f8ee652e68a41022e0c433f0d2c8ef7c7bd1bc944ba591ef8631a297904ab18 0bc01a9b225dd1746dfb115b595a000eb35d66573d81e7ec31355307d894c4bd
SERVER_TRAFFIC_SECRET_0 9f8ee652e68a41022e0c433f0d2c8ef7c7bd1bc944ba591ef8631a297904ab18 027e93625567e853890e387b096fae5aa97e538348ac978370008eca4876aa8d
EXPORTER_SECRET 9f8ee652e68a41022e0c433f0d2c8ef7c7bd1bc944ba591ef8631a297904ab18 a391fa1ad118743df7194d21a48a14708a7921c1539ef1eaa735b891dadf51ce
CLIENT_HANDSHAKE_TRAFFIC_SECRET fc9b2146617f431cdd949c9f2b61bae2c75d5ef55461b8416d17ebc74d05c705 3ef3a27ba06ef12dd98d47df4d3b2be0516f67d04bba092bfa4ce874f6f21f52
SERVER_HANDSHAKE_TRAFFIC_SECRET fc9b2146617f431cdd949c9f2b61bae2c75d5ef55461b8416d17ebc74d05c705 6760cede8cb4ad884e9d21e598a27b799887a53171535181a50c9a2c0dc4dbb8
CLIENT_TRAFFIC_SECRET_0 fc9b2146617f431cdd949c9f2b61bae2c75d5ef55461b8416d17ebc74d05c705 d4a76729a86cbcfcf62ff9afdbb3b1e90b3a38bff935bf2793437371c77611f8
SERVER_TRAFFIC_SECRET_0 fc9b2146617f431cdd949c9f2b61bae2c75d5ef55461b8416d17ebc74d05c705 74fa4e5ab95201307ec46ce941f19ad73bf8c1d169a1785b031963209fb9d43f
EXPORTER_SECRET fc9b2146617f431cdd949c9f2b61bae2c75d5ef55461b8416d17ebc74d05c705 749969bfef4b9b3f237228f6d052ad27e0fd006a0a083a4fe84dc3a1b5200ddb
CLIENT_HANDSHAKE_TRAFFIC_SECRET 8e4796d8b14baad021d31c3d30101abfa1433fe697c7fd1245bfdc003a0fe019 5d593dc76866d4f4ccddff36e578cb9832e2920350d997687922ab631e0bc51a
SERVER_HANDSHAKE_TRAFFIC_SECRET 8e4796d8b14baad021d31c3d30101abfa1433fe697c7fd1245bfdc003a0fe019 c9e4f5b14b7873da1ec56eb0b6b2d0c78745fb86ddb80e2b82d18947b1f9ae0c
CLIENT_TRAFFIC_SECRET_0 8e4796d8b14baad021d31c3d30101abfa1433fe697c7fd1245bfdc003a0fe019 5f82d9ff05a089385449c51afe93875805702eeb27497f415f66a662b8faba86
SERVER_TRAFFIC_SECRET_0 8e4796d8b14baad021d31c3d30101abfa1433fe697c7fd1245bfdc003a0fe019 2c2d88d786b2f6b83909063a5eaeaf0558511edaaf397f9cfd957b224b526dd4
EXPORTER_SECRET 8e4796d8b14baad021d31c3d30101abfa1433fe697c7fd1245bfdc003a0fe019 c6c42fd7148fecde2dfac7c4dd0a3618ba848d914200dcdf45779a3fd29d3c1f
CLIENT_HANDSHAKE_TRAFFIC_SECRET 8a4d5c464df079632935ce92259f398c7d935d7629c487df318ed5a72c7405dc 89cdeef427302dd4a4dddde03791e7f1b1de8365334cb4efe39059d30d469b3e
SERVER_HANDSHAKE_TRAFFIC_SECRET 8a4d5c464df079632935ce92259f398c7d935d7629c487df318ed5a72c7405dc d9078d6358603ffbe47b91808abb6cbe524456308ab9688ec69d607227b0a16d
CLIENT_TRAFFIC_SECRET_0 8a4d5c464df079632935ce92259f398c7d935d7629c487df318ed5a72c7405dc 4bb1492330ce053f5cceacacfb9568d507f296361db751560f99e94ddc48b1f7
SERVER_TRAFFIC_SECRET_0 8a4d5c464df079632935ce92259f398c7d935d7629c487df318ed5a72c7405dc cb04ae7ddf0eb9874df113e54b425b1c9c1cffbb97c37b87a224c0aba4519eca
EXPORTER_SECRET 8a4d5c464df079632935ce92259f398c7d935d7629c487df318ed5a72c7405dc 44912b8dbabfb0c97c830fe6c13b3fe3c77a6626e0225b6818e3f6a91ccb7f58
CLIENT_HANDSHAKE_TRAFFIC_SECRET 693e21cb5168cbb71f114c0290ae332ff745cc791054217e6335ff1dd40f6ed4 b64bea0b6b321169d30c2494bd0f138e615e34121946f74cb61b90b5d2ed8f77
SERVER_HANDSHAKE_TRAFFIC_SECRET 693e21cb5168cbb71f114c0290ae332ff745cc791054217e6335ff1dd40f6ed4 b5dd4cbb32d0779fc72cc7b65298baf593633d0ed2e113b13d0ca2ca7fcec96e
CLIENT_TRAFFIC_SECRET_0 693e21cb5168cbb71f114c0290ae332ff745cc791054217e6335ff1dd40f6ed4 b080e3ebfbcf737f422a624c23219691aa2bd4c7deff4b8695f19a2f2a132236
SERVER_TRAFFIC_SECRET_0 693e21cb5168cbb71f114c0290ae332ff745cc791054217e6335ff1dd40f6ed4 da96d839b6a329e4ba8f6b7e9cd55670918dc742d266bfdbdb28171ea9d314f0
EXPORTER_SECRET 693e21cb5168cbb71f114c0290ae332ff745cc791054217e6335ff1dd40f6ed4 9375092b3df95faca1aa54297f6e92c50823e25f48457af2421310e026143418
CLIENT_HANDSHAKE_TRAFFIC_SECRET 8970a547a1056e3d13dbda968f7cfa2b1709ba58ecdb7acbc8a7fad32933aabc 15b0eb874c3e18a9e09f77adebe8220469b15c86cad401a6d536fdb65d4663cf
SERVER_HANDSHAKE_TRAFFIC_SECRET 8970a547a1056e3d13dbda968f7cfa2b1709ba58ecdb7acbc8a7fad32933aabc de14a5e41955fa92694565fe54f71f50261ddb7ec8d79cafd743c6df7e09dbf1
CLIENT_TRAFFIC_SECRET_0 8970a547a1056e3d13dbda968f7cfa2b1709ba58ecdb7acbc8a7fad32933aabc 8fd33c0de0f0368b1731e24d6173e152c7b50fbe7215b55fdf1ed9f94f202bf3
SERVER_TRAFFIC_SECRET_0 8970a547a1056e3d13dbda968f7cfa2b1709ba58ecdb7acbc8a7fad32933aabc caf54b7ef5bc6d85c3fec82a216595f03deb0f3ba7ae6f9c20beec76ca4d2aca
EXPORTER_SECRET 8970a547a1056e3d13dbda968f7cfa2b1709ba58ecdb7acbc8a7fad32933aabc 12bbed36477c0df37812189770653474716e6a0644dfa7d3ad7a61b334573e66
CLIENT_HANDSHAKE_TRAFFIC_SECRET d6552ecfedd4af0b388b7411e53b185d885fd07ef539ea4020ae31952cf7582b 18516836b7cd13f17ed17c17116bcab325df0f0d91a4b53e1bed25e8f3560f43
SERVER_HANDSHAKE_TRAFFIC_SECRET d6552ecfedd4af0b388b7411e53b185d885fd07ef539ea4020ae31952cf7582b 75fe21065ab21cda72968b4764607c4a95eb6f444b1c1603e624aa03265e88f1
CLIENT_TRAFFIC_SECRET_0 d6552ecfedd4af0b388b7411e53b185d885fd07ef539ea4020ae31952cf7582b 025a1b50d65a33730a8038c8d0a1a65ebcda71a8c9d1d05622e4522cb619a5e2
SERVER_TRAFFIC_SECRET_0 d6552ecfedd4af0b388b7411e53b185d885fd07ef539ea4020ae31952cf7582b cdc5c37f2d215632c4fb3d71ef96133ab18b734e5ac324a9d2240a92f0710a8f
EXPORTER_SECRET d6552ecfedd4af0b388b7411e53b185d885fd07ef539ea4020ae31952cf7582b 10f1353d3f2d14340f21c2aa719751fe3b97379f94b2d9c10943fea5f763c7b2
CLIENT_HANDSHAKE_TRAFFIC_SECRET 087b1af41810b8abc1f837422b6f96b6838a5cda85099cad0e09bb06f443c043 82e64179a4337f9dca14990278e5ef1dfa1a7bdd2699f5702d93674e8b5fb138
SERVER_HANDSHAKE_TRAFFIC_SECRET 087b1af41810b8abc1f837422b6f96b6838a5cda85099cad0e09bb06f443c043 43b2a9be348b9c589e4e44caa0d227e8bf0effa5cb4ac086e2511fb7f3bde31c
CLIENT_TRAFFIC_SECRET_0 087b1af41810b8abc1f837422b6f96b6838a5cda85099cad0e09bb06f443c043 ba6a66e77a3f045fc556b7e15f2fe51f96f80a87592b854db347ac5f3e399101
SERVER_TRAFFIC_SECRET_0 087b1af41810b8abc1f837422b6f96b6838a5cda85099cad0e09bb06f443c043 14592195a4ff6927817e034465341bc3b1740197ccd45b6c825c6dca5e12eb71
EXPORTER_SECRET 087b1af41810b8abc1f837422b6f96b6838a5cda85099cad0e09bb06f443c043 a41863e3f3365aa89f798ba379c13d3a4449ee223fd17d93b40ba9725a0e5c3a
CLIENT_HANDSHAKE_TRAFFIC_SECRET 1073573c09aacc28455bdbf1f83485e3240edcbefcb350c56408004deef5949f 8de8f0ef179f855b9e89d514abe43d1ac262198e349863b565780fae15048e5c33f1ad3fa8989225b8fdf5af3a7ff45d
SERVER_HANDSHAKE_TRAFFIC_SECRET 1073573c09aacc28455bdbf1f83485e3240edcbefcb350c56408004deef5949f cf43fad381d800cb46212b6a36d35f728c69a658c4af0171388beee738633c5e50fe98cbb0e4933a8be043d5cb3855b2
CLIENT_TRAFFIC_SECRET_0 1073573c09aacc28455bdbf1f83485e3240edcbefcb350c56408004deef5949f a5f429ee9cc8ae005087dd755615d560014c558e223cef90786d54b1a1a357179a4b86746e21a1d70761beb90a7e766d
SERVER_TRAFFIC_SECRET_0 1073573c09aacc28455bdbf1f83485e3240edcbefcb350c56408004deef5949f 8f2911bde5050eb7708276a62af8ae321abfc8cb5817a92b05b66229ab31c53005ca0a92e35c27ccd3424a5f400f2219
EXPORTER_SECRET 1073573c09aacc28455bdbf1f83485e3240edcbefcb350c56408004deef5949f 79df6c12a3187532885ada66c54d1d6d166daa7f487eea40613fe7f2b4eac7138a2775aaeaeed429a90ec0d5361e0947
CLIENT_HANDSHAKE_TRAFFIC_SECRET 78e1b990c9c29df644f34d82c2b8ccfea563f8ff9b096901418d26088b0d95e9 69becdd69fb73fe5fb9f57d76bc7728b9492439e036ee98a93c0d125efdcc840
SERVER_HANDSHAKE_TRAFFIC_SECRET 78e1b990c9c29df644f34d82c2b8ccfea563f8ff9b096901418d26088b0d95e9 d8d4b6344cbaa136fa2c38c6f3519f36d6db0a5a2d880ea713845fb4b6a3ef70
CLIENT_TRAFFIC_SECRET_0 78e1b990c9c29df644f34d82c2b8ccfea563f8ff9b096901418d26088b0d95e9 41f34ad267d9a86d502cb16555193f01855b5fdb58ffaafbe6cb8cc3f4ada1f6
SERVER_TRAFFIC_SECRET_0 78e1b990c9c29df644f34d82c2b8ccfea563f8ff9b096901418d26088b0d95e9 310bb37fc60944d2ceb5e412ce15b076f1a917b01a0d197eb2a0bd83bdd2710c
EXPORTER_SECRET 78e1b990c9c29df644f34d82c2b8ccfea563f8ff9b096901418d26088b0d95e9 8f8abce05534db745239c43ed3a220f167bb1489995dffa893f915c97432fccf
CLIENT_HANDSHAKE_TRAFFIC_SECRET 058bc83c0cae62380c3d74c6b6e2207cc7e418688e28a03f91b97a49f94d9393 b67dc03c92cfe81b14ba2032b7ef19e4ec764e6cbbb3acb2e07504f2f926ab19
SERVER_HANDSHAKE_TRAFFIC_SECRET 058bc83c0cae62380c3d74c6b6e2207cc7e418688e28a03f91b97a49f94d9393 2f3ec45664fd0026fcf9d996029a86ac1f2df18dffd1cffe6f285ff30b6752ac
CLIENT_TRAFFIC_SECRET_0 058bc83c0cae62380c3d74c6b6e2207cc7e418688e28a03f91b97a49f94d9393 3f891eaebf1ea08ec8bd652cc02cbafbe13b4df6c25e0981ae63f4fff4e0b2f5
SERVER_TRAFFIC_SECRET_0 058bc83c0cae62380c3d74c6b6e2207cc7e418688e28a03f91b97a49f94d9393 ab1a5dcd8030dca398558df3b53d91700983468317a847ae854b3b53d0568073
EXPORTER_SECRET 058bc83c0cae62380c3d74c6b6e2207cc7e418688e28a03f91b97a49f94d9393 c0a499052f3eb6d0576e9dd80f44a48f52c2c09f9f5f99aa4c6fdcf31c0881c2
CLIENT_HANDSHAKE_TRAFFIC_SECRET 90b21fa054c021156b1cd74acfc446132cf2be1443e6ea78d9cb5666700f5941 32473e9237c0243e26aff1090450875c58d4a3fbf32d4c93f57ce5066f4c1953d519969bf0a63d9e6d8bf7f03633a1c2
SERVER_HANDSHAKE_TRAFFIC_SECRET 90b21fa054c021156b1cd74acfc446132cf2be1443e6ea78d9cb5666700f5941 1819c03306fa8653754c1424d3a32f8890dff48f5d89dd53c022761cb6fd5de89f23662f4d94d01bfbfce63e7ddaca17
CLIENT_TRAFFIC_SECRET_0 90b21fa054c021156b1cd74acfc446132cf2be1443e6ea78d9cb5666700f5941 f2b3329341762e64a51f17e01eb618912d4a372a3570720b987882175d0850e3135f6a5f17ed77afc050f5877a8c8cc6
SERVER_TRAFFIC_SECRET_0 90b21fa054c021156b1cd74acfc446132cf2be1443e6ea78d9cb5666700f5941 74459333e970639ed78da24db058dd3d2f85d4f2e7242c919052943738f1e2453c837dd40ed0790d8c18a7d9084c00f0
EXPORTER_SECRET 90b21fa054c021156b1cd74acfc446132cf2be1443e6ea78d9cb5666700f5941 516aaf40054cfd28aa52ffb1d16dced89f22b4dbe73b8cc4b9f8fc5c5134245733f0c314bcbc14ed066e609ddb69f0e9
CLIENT_HANDSHAKE_TRAFFIC_SECRET 60492e040d7ddf25192d3ff03a20fd4ac469024de9429bab36934d9be4a20ee8 e9cb314e55876dcd5130c77e2d53ad48dd39b128253c7173c5c8172d474758b5
SERVER_HANDSHAKE_TRAFFIC_SECRET 60492e040d7ddf25192d3ff03a20fd4ac469024de9429bab36934d9be4a20ee8 c756c299089dc12563082f85256f94daeee5534a2a4c70a5367a8ef5d027f030
CLIENT_HANDSHAKE_TRAFFIC_SECRET 9b5b48efc6d7233787b9094bf3421ed0d8d620f1a68b50bd8e4af0f353667af6 683084b6c6dca6bc5d9af77138e397699b4b29ba2582663840f42a05e0e4ae1b
SERVER_HANDSHAKE_TRAFFIC_SECRET 9b5b48efc6d7233787b9094bf3421ed0d8d620f1a68b50bd8e4af0f353667af6 b71586767a6641b6c1874b6a4c4cb944b73a77cb2ef0da5412d21374907cf4de
CLIENT_TRAFFIC_SECRET_0 9b5b48efc6d7233787b9094bf3421ed0d8d620f1a68b50bd8e4af0f353667af6 e91fb9a1a2376e924df7643eb02dcda4c20470d0c135db5b6e14dd202daeee17
SERVER_TRAFFIC_SECRET_0 9b5b48efc6d7233787b9094bf3421ed0d8d620f1a68b50bd8e4af0f353667af6 a1f1f5805afb56eb4bad058491bbe587593a07a9db09b4df1508226e6e6fe352
EXPORTER_SECRET 9b5b48efc6d7233787b9094bf3421ed0d8d620f1a68b50bd8e4af0f353667af6 be2f2e7776459dcdd5bef6724fb6f1a61ff6aa85ec2f4038eacc049f778094c3
CLIENT_TRAFFIC_SECRET_0 60492e040d7ddf25192d3ff03a20fd4ac469024de9429bab36934d9be4a20ee8 8640f28d8c814f4741831accd6b72b88a6d0763774e21d82d2b51cf33247e970
SERVER_TRAFFIC_SECRET_0 60492e040d7ddf25192d3ff03a20fd4ac469024de9429bab36934d9be4a20ee8 18c566eff38033bab4666ac0e1e32822902acfc2fdb6dad5680e4088ee073949
EXPORTER_SECRET 60492e040d7ddf25192d3ff03a20fd4ac469024de9429bab36934d9be4a20ee8 381f59603bd047a5b838a96457099d5429a28f647deeccc0c6b92a135833e83c
CLIENT_HANDSHAKE_TRAFFIC_SECRET b33d92d968a66d8e3ed474288f7bec3eccd4f0e4c69d60d0b0b60ae694aea6a6 4413341ae0e754a0f60375d0d01396b0383c83526c60a02ccd24fa7f257a9bc2
SERVER_HANDSHAKE_TRAFFIC_SECRET b33d92d968a66d8e3ed474288f7bec3eccd4f0e4c69d60d0b0b60ae694aea6a6 0a60a1d7a4426823e53377d0b30c2e787710d343c60d6d750122b8cf6d092270
CLIENT_TRAFFIC_SECRET_0 b33d92d968a66d8e3ed474288f7bec3eccd4f0e4c69d60d0b0b60ae694aea6a6 73cdce1951b43f69a89a8063ecfb541624433e928ff2cb88f9d8b812e4db26fe
SERVER_TRAFFIC_SECRET_0 b33d92d968a66d8e3ed474288f7bec3eccd4f0e4c69d60d0b0b60ae694aea6a6 02b978620d0928dc8b6634f848f4872f08cbb862d1facd60955318c7a1c3afb8
EXPORTER_SECRET b33d92d968a66d8e3ed474288f7bec3eccd4f0e4c69d60d0b0b60ae694aea6a6 840dec126a5afe7f8e675825823b9378d952c841a1e4a830ffd9226617bfdc5f
CLIENT_HANDSHAKE_TRAFFIC_SECRET 3d56917f958340047c0804e743e4b4a1c726fe440401718e55be49a4fc1e4fa8 64e5306f07758a79a89f1c1698989bbb7a81447352b17afe534e0ef5e5176a1e
SERVER_HANDSHAKE_TRAFFIC_SECRET 3d56917f958340047c0804e743e4b4a1c726fe440401718e55be49a4fc1e4fa8 a9bcbe4bdcc99d19708362ae212cdc04c63798221ab45b6050387fad57a8ec34
CLIENT_TRAFFIC_SECRET_0 3d56917f958340047c0804e743e4b4a1c726fe440401718e55be49a4fc1e4fa8 620502186320ab08d9f71dd0633eb36b0289c9c8af6ef5ea50cbd57375f9797b
SERVER_TRAFFIC_SECRET_0 3d56917f958340047c0804e743e4b4a1c726fe440401718e55be49a4fc1e4fa8 6388b3b3a69e14fa1864a7a8ba3a7162f3105d1dc8adb9c1f8f718db111116ec
EXPORTER_SECRET 3d56917f958340047c0804e743e4b4a1c726fe440401718e55be49a4fc1e4fa8 eb982641003aa5e3a1b3b07eb370c2f45646be79b9a7d7ebffdfb71dcab53934
CLIENT_HANDSHAKE_TRAFFIC_SECRET dd72b7bb7f17bdea492aad8ba572b4b2a2d6b404dc549ea47e39e3dca00055d5 06ff32f3cbee9c893920078c876ad0f3c801b25d6ad7e63071fd0fb2f45f0c50
SERVER_HANDSHAKE_TRAFFIC_SECRET dd72b7bb7f17bdea492aad8ba572b4b2a2d6b404dc549ea47e39e3dca00055d5 1e2e842e617ecd83b2681219c2d4249b83e3bdaf3d740da7ad3a0a0043912710
CLIENT_TRAFFIC_SECRET_0 dd72b7bb7f17bdea492aad8ba572b4b2a2d6b404dc549ea47e39e3dca00055d5 e1955a8aa59baebb89cb99519c88df943f02f1ce745fbdcb393c38bf496e9b41
SERVER_TRAFFIC_SECRET_0 dd72b7bb7f17bdea492aad8ba572b4b2a2d6b404dc549ea47e39e3dca00055d5 800be611dafbc8a943295ae6a4d70e05435a155c8fd6fe721150dc092f2fd4e6
EXPORTER_SECRET dd72b7bb7f17bdea492aad8ba572b4b2a2d6b404dc549ea47e39e3dca00055d5 32bafbae4ffd30ed89ad3e85d2856399805f97019bdfe8a793793a9799a18a32
CLIENT_HANDSHAKE_TRAFFIC_SECRET f4f07c5cc5252f77fe7dcddf4ed68fdeb94ac3b0b1517f01490f5e7b6768abe8 bd93112bba401920b6cebb26b7116f6cbed8502ffc0f066da3b9a1614c67c6901fdfff0602657ee61725a64fe88c5a86
SERVER_HANDSHAKE_TRAFFIC_SECRET f4f07c5cc5252f77fe7dcddf4ed68fdeb94ac3b0b1517f01490f5e7b6768abe8 e3285c4a83adc33d10c847b4eae3f17549ba5dcc89ecc35d4783e83af98bc00cf2e5b399d607ba1d084cb095d848d7d3
CLIENT_TRAFFIC_SECRET_0 f4f07c5cc5252f77fe7dcddf4ed68fdeb94ac3b0b1517f01490f5e7b6768abe8 6c86f92931b1bf8b7df82bb0b1197156894fbf34485b62ebdd3863d22b40289e357a3fcf7edfea74c66ee6521a208394
SERVER_TRAFFIC_SECRET_0 f4f07c5cc5252f77fe7dcddf4ed68fdeb94ac3b0b1517f01490f5e7b6768abe8 1473a1f9744db54ecb43a105e75b9a208acba59ac8bac78a07c904945095336d12aa4f39678f71f2c9dc2a95f2f44112
EXPORTER_SECRET f4f07c5cc5252f77fe7dcddf4ed68fdeb94ac3b0b1517f01490f5e7b6768abe8 8feaae3314786b121ee86fbf87f89695cd932d8ba96b2835c21dcc2de0252458b752109af7f441156d8a674411ccb603
CLIENT_HANDSHAKE_TRAFFIC_SECRET 2b04cebdbe8b4955f982d101035905458464257e9eb3055727753b464c085a47 97e43e8759d28720c6c7d3438f43839202ebe91b0d12c9e2bca01024feb4f7496ce2e61d9698a64796812ea28dce3e4e
SERVER_HANDSHAKE_TRAFFIC_SECRET 2b04cebdbe8b4955f982d101035905458464257e9eb3055727753b464c085a47 6de23c3426267b05bdd710049090bae8894b5d0cc310fca0c5a9519e83138e16966663681b1101d7981eddaa22a1ab5c
CLIENT_TRAFFIC_SECRET_0 2b04cebdbe8b4955f982d101035905458464257e9eb3055727753b464c085a47 e9e83639d339ddeac1e764f97301ff67017c8e97bdb000a751e0c948e9c4f27e121c822c44344c5a4b9dba8ca82fb84d
SERVER_TRAFFIC_SECRET_0 2b04cebdbe8b4955f982d101035905458464257e9eb3055727753b464c085a47 6c2fb10b1c6d88efc629c6a9b8ad1aefdf5baf1984fc6b894904f59dc20b1a21d2a7afc06e53a2c3491d7c7ad363d636
EXPORTER_SECRET 2b04cebdbe8b4955f982d101035905458464257e9eb3055727753b464c085a47 f544a9861950cb99c6771728e408447d603ef1b24f954b060311f6bc6327100fd21af6d28687851db26ee9e6a36a7fe3
CLIENT_HANDSHAKE_TRAFFIC_SECRET 6083e423eed2f17069825625caf6f6684c6cdefc78859ba02dc215790d43a039 3d3107c55a5ca5c22dc82e86ce6c82912723f816615991f6d166fdb509fa52effacb3bb66ae5c34ec439a2e6afcbcf4b
SERVER_HANDSHAKE_TRAFFIC_SECRET 6083e423eed2f17069825625caf6f6684c6cdefc78859ba02dc215790d43a039 58ffcbaa10e2131b25c6ba3d6b95e87f83794c2f76e4a793e3a647a12e8226da4ef15690be12d529d7592bc07c5cdaea
CLIENT_HANDSHAKE_TRAFFIC_SECRET 47534861785daab248e5719a339fd49d4735dbc45ba1bd380b8bc2e8ae3e8770 d0e2f66e7ef1f5c316859e8d839c9b8c51194aa1222c59cda8a89cedf294d696b27a9f953e28c8600c5395c62d635a80
SERVER_HANDSHAKE_TRAFFIC_SECRET 47534861785daab248e5719a339fd49d4735dbc45ba1bd380b8bc2e8ae3e8770 62edd45dcc49b366c7c451ccb9661c52489357ea731900c61c300d16357c15e601c36d94e99e62cb5af9fadd6f3d6e2f
CLIENT_TRAFFIC_SECRET_0 6083e423eed2f17069825625caf6f6684c6cdefc78859ba02dc215790d43a039 90a7698d4a79a7c9b95ad757faaea309cb17b35d0d7d830c12fa4f86052ea667fb7ce809cde368a9c15074cc5cf01b5e
SERVER_TRAFFIC_SECRET_0 6083e423eed2f17069825625caf6f6684c6cdefc78859ba02dc215790d43a039 cbcbf31fb5ec332d8c314ae777731f754ecab5467219c7c6fe9da67ee402e277f92d275f380e57e66ab92ce81279bafa
EXPORTER_SECRET 6083e423eed2f17069825625caf6f6684c6cdefc78859ba02dc215790d43a039 8ac89ffc2d3164ed24b0028c0d27463bda9ba34bbe688958a39ba912b30a088c17f5de95833328c70ab1e69f93feb07b
CLIENT_HANDSHAKE_TRAFFIC_SECRET c1007d0d848e498c13071e588b898e55eba2fa69c1244ee3932489a2bae38731 24ff2c50becf8d30d96b894df0fa29d0d994d9d0eb2f547846137bdc08998326750bc746c7019e099168fb582eef7840
SERVER_HANDSHAKE_TRAFFIC_SECRET c1007d0d848e498c13071e588b898e55eba2fa69c1244ee3932489a2bae38731 8c0a3afd877b9349e975f309fed0b449674b1fef910ab0a2218ccfafe100b8f15070f8b4c3caeb188e5b7765f5026b56
CLIENT_TRAFFIC_SECRET_0 c1007d0d848e498c13071e588b898e55eba2fa69c1244ee3932489a2bae38731 bbc85b7f80446a506c1ad3965a918c7f912dce73044606b00cb61be2e0a474b1925e28815b496d96e77159b6a7480753
SERVER_TRAFFIC_SECRET_0 c1007d0d848e498c13071e588b898e55eba2fa69c1244ee3932489a2bae38731 e743f58ddf8a618bedbff7ca40e3cbe79afd9f5bd1e268c1016baf7553115cb39395febeafabed52b6e5bfb40560d465
EXPORTER_SECRET c1007d0d848e498c13071e588b898e55eba2fa69c1244ee3932489a2bae38731 4ea37efa8de66e59b9949026dbc7a0221da713c9a46ff59f3dc26e55b5989ae7c5839d8614a81a3b92704f653ed0f3b9
CLIENT_TRAFFIC_SECRET_0 47534861785daab248e5719a339fd49d4735dbc45ba1bd380b8bc2e8ae3e8770 aa46d62c7e3198e86eb28d0314a04e12f66c2b327685d253f93c4a0189855be0ea6932e45e3fcd80ac593b6ae8d99e63
SERVER_TRAFFIC_SECRET_0 47534861785daab248e5719a339fd49d4735dbc45ba1bd380b8bc2e8ae3e8770 8221cf19e1aec464c6b54d0c7041ebdcd67ed151cdbb5def2cf7194bf72ea61cd768c04eb0afc1c197d84e12814d54ab
EXPORTER_SECRET 47534861785daab248e5719a339fd49d4735dbc45ba1bd380b8bc2e8ae3e8770 cbb23bd5a73f1d1aa7cf6eeb64733250811c9f0e3641828ceb741dd8df75a727bfd9cd3d6357abe23eb216a15975fa4a
CLIENT_HANDSHAKE_TRAFFIC_SECRET 5e52e83e264470e80bb730dc1e9dc6c9687578cbd864270c712f4f464a92ef20 2f0bfa1bfa86bc4dc96fd9557bc2d3d58f7bb9a2c79b04a0744d91c58b2e1b540f5eb6e341b04d98f33517ad1148496a
SERVER_HANDSHAKE_TRAFFIC_SECRET 5e52e83e264470e80bb730dc1e9dc6c9687578cbd864270c712f4f464a92ef20 4782996392be81e4aad3365aed453820a53d73732f904b6d2c833365d3aeeef5ca3b4a8479995a4c224291202c6a67d6
CLIENT_TRAFFIC_SECRET_0 5e52e83e264470e80bb730dc1e9dc6c9687578cbd864270c712f4f464a92ef20 855737123856801ae998e98a753508ec8820295df35de5189dbeb7fb974e92e880be06cc7b51a0b22c04f898a066dcde
SERVER_TRAFFIC_SECRET_0 5e52e83e264470e80bb730dc1e9dc6c9687578cbd864270c712f4f464a92ef20 d4496a5eb8cd3f7d6ce051973b1f32b1123994a0c5e2392844c06eae381faf0424ca7169bbe84a10273a8b454f19b9a2
EXPORTER_SECRET 5e52e83e264470e80bb730dc1e9dc6c9687578cbd864270c712f4f464a92ef20 7e1dcc4cb4557c7573e14cd82196dde29cd3e591f70f5b6eb35e4388d386149909c183c448ce35439e42a774412b9c56
CLIENT_HANDSHAKE_TRAFFIC_SECRET 82a2fc8f094f15bbbe51634e222b49ff430b36acfc921322b586e4ac8c1fe38a 34ce3557618c6c6349d1f035a15c266e239c89ce136904eeb5d925e33fa73e1cb7e3656bae2616d74295069c71f327d3
SERVER_HANDSHAKE_TRAFFIC_SECRET 82a2fc8f094f15bbbe51634e222b49ff430b36acfc921322b586e4ac8c1fe38a 393b39f4e1f684c32596e743915f5868da0c096af950c65d98186c2807be3f63e4422f866b7d3e670f0b5bb994c482d5
CLIENT_TRAFFIC_SECRET_0 82a2fc8f094f15bbbe51634e222b49ff430b36acfc921322b586e4ac8c1fe38a 877cba6bbcb1ac606c6094b3d42f61b1f3b7051ebb6b72f9ba26069be8ffe7c6b1bc1fcd07a11ff7082e0b1c0a4290f4
SERVER_TRAFFIC_SECRET_0 82a2fc8f094f15bbbe51634e222b49ff430b36acfc921322b586e4ac8c1fe38a 7f1b6ce5a7e0d68d5838593f14f3aa38d7adf9cd2772d3b546e19c360be4923c8a41b85fe18bbac07b716cc55c234169
EXPORTER_SECRET 82a2fc8f094f15bbbe51634e222b49ff430b36acfc921322b586e4ac8c1fe38a 29af416e53b951ac7dcf91a88e35e26caf810dba179ee81066f58ee084cd89d2c66e177f20e1e48a820c66c867f701f2
CLIENT_HANDSHAKE_TRAFFIC_SECRET 66dc3d93dab6990ee1e4244cd40f18e2ef3c77cbace7f99aac1118c7d3207b9c 073a83b8c5cd16918d8b15687de7ad675d98b52269881dcfdad58064285c4a1afbc5731a275a27ce565638daa44ad8cf
SERVER_HANDSHAKE_TRAFFIC_SECRET 66dc3d93dab6990ee1e4244cd40f18e2ef3c77cbace7f99aac1118c7d3207b9c 2ad6c314c7d0ad85163cbad14edb226128d5461d323234e14e9018bdeb17d63a4762abab441a7eb336d95464a37a4271
CLIENT_TRAFFIC_SECRET_0 66dc3d93dab6990ee1e4244cd40f18e2ef3c77cbace7f99aac1118c7d3207b9c ee4d43e34d4bf8b6c148ad8d129942181dc055f7d22019bec73bde2031c0032c46d55608695d04a137e9ac6c02ecc7af
SERVER_TRAFFIC_SECRET_0 66dc3d93dab6990ee1e4244cd40f18e2ef3c77cbace7f99aac1118c7d3207b9c 5fbcba7c88c97693affc54f57130e95c9073f2f2fffb8f26b5b4d461e925311ae2877266d553036d9e39dcd237dfe7df
EXPORTER_SECRET 66dc3d93dab6990ee1e4244cd40f18e2ef3c77cbace7f99aac1118c7d3207b9c 5b9e7464e3067eba815aa3c8a8d92ef05a718619bb97a91daa04358f9e57c7fdf85706b7db9fc0ffa2cc9cd988154e7c
CLIENT_HANDSHAKE_TRAFFIC_SECRET 968334e99afd71dc088a67c0828150538f2ccf0dd2f4993574ef55a69c47e405 f5f5a28bf5e8c3d253d5c1efbe553645bf87f941bf36eed1ff5b41bce8d5b9da00a0e3ee2b062de66326b35b19688036
SERVER_HANDSHAKE_TRAFFIC_SECRET 968334e99afd71dc088a67c0828150538f2ccf0dd2f4993574ef55a69c47e405 40447befb4f7246ef92f85d81411804f7fb96ca63dc453e1eb97fb16a3736406eff2a924cc77e1e4b356ae869b3051ea
CLIENT_TRAFFIC_SECRET_0 968334e99afd71dc088a67c0828150538f2ccf0dd2f4993574ef55a69c47e405 91c0cf011c51f1841af6ed0a555cbf84f4225671a5b19f270765dfe49621321d0e149e324045b3c617fc384c8468f310
SERVER_TRAFFIC_SECRET_0 968334e99afd71dc088a67c0828150538f2ccf0dd2f4993574ef55a69c47e405 53c65a24c903350522084624ce9d0699e54d2bbb81b80ae24d070b1f1cc1b9edcf971f9aed8de7a23338a31e228e09c6
EXPORTER_SECRET 968334e99afd71dc088a67c0828150538f2ccf0dd2f4993574ef55a69c47e405 3f69aaa874b02c3e08f237c004a0e118330eb0f2233d79ce9999c7ee5cbee25c1aced1c948076761336c6310f735324a
CLIENT_EARLY_TRAFFIC_SECRET db0d7bf112f14bd36b25dcb941d856bf809c90a943d00386ee7bd62276c931d1 8071751293e2bf5827d065575ac95b63f4ce04d62f7e67807802773b41856e5c
CLIENT_HANDSHAKE_TRAFFIC_SECRET db0d7bf112f14bd36b25dcb941d856bf809c90a943d00386ee7bd62276c931d1 4678651dfa8e30658d81a9c007b16c98b08b423d73dc917af4979c38bc55573e
SERVER_HANDSHAKE_TRAFFIC_SECRET db0d7bf112f14bd36b25dcb941d856bf809c90a943d00386ee7bd62276c931d1 9c027db5e80e9041f6a7b691cb3ddda842002a2de122e5163a51b098c175d57a
CLIENT_TRAFFIC_SECRET_0 db0d7bf112f14bd36b25dcb941d856bf809c90a943d00386ee7bd62276c931d1 11d1e2372b33e650d93738ee4093080cae38be030ebedc776e416cc9b0f83e38
SERVER_TRAFFIC_SECRET_0 db0d7bf112f14bd36b25dcb941d856bf809c90a943d00386ee7bd62276c931d1 7cd080b4087c26ff181aaa8f2bcd8ad261bb7300d51ca0d05a6477b71547e8fb
EXPORTER_SECRET db0d7bf112f14bd36b25dcb941d856bf809c90a943d00386ee7bd62276c931d1 83037a153d4afa47cc189171fc94fba2f48454c66c963b0f4ce18f2e43ca2354
CLIENT_HANDSHAKE_TRAFFIC_SECRET 2a0eec7deb9c5bcd84670bc2d974da58c8d32f3bedb03a7fa374e2b1e87166e7 bc1925afc1c815be2a6974291f047eca48afeec1daf77c102ddc76d7f0d276f05698f9a601416908e981e389661227ed
SERVER_HANDSHAKE_TRAFFIC_SECRET 2a0eec7deb9c5bcd84670bc2d974da58c8d32f3bedb03a7fa374e2b1e87166e7 cecb28e996e70ea63083a30f87795c92d60b7bd3e5aace6a6c0d6c45338c54e1d97f88905a143d149c18f64f63d45fe0
CLIENT_TRAFFIC_SECRET_0 2a0eec7deb9c5bcd84670bc2d974da58c8d32f3bedb03a7fa374e2b1e87166e7 a6d930869fa4aa8454584487801a734914940268388f766db799c69d124b29362d71a5e50ce09476ed2958d87df4a57b
SERVER_TRAFFIC_SECRET_0 2a0eec7deb9c5bcd84670bc2d974da58c8d32f3bedb03a7fa374e2b1e87166e7 1396ef94976343fc986c22a37bcde1d32e22f1d847ecddd87e4cfd9ff39cce6c89592f113195b29640739c233ab8e59a
EXPORTER_SECRET 2a0eec7deb9c5bcd84670bc2d974da58c8d32f3bedb03a7fa374e2b1e87166e7 0813b48a0554e0f5d1ae2f706c951420e307098fb9f9aa2061e26e7ad27050b228a36656cb9ee853e71199e56d2acd72
CLIENT_HANDSHAKE_TRAFFIC_SECRET f23d1ddf047f0379fd50b35c56d8bc49ede41c0fd082047ec25c36db23f95dde 476e7d84298426a2a8f9cbdcc0623d7160cf2a693c0c215fccaab65ab76bc90dadf2338e3a4f34c6899e9ea7649dd23d
SERVER_HANDSHAKE_TRAFFIC_SECRET f23d1ddf047f0379fd50b35c56d8bc49ede41c0fd082047ec25c36db23f95dde 446528caa67548afc95a6eab3999ea3a87325f4ef29beb9ffb85c894865abbf2ed3da3e07a4ee3893f21ffc855f860fd
CLIENT_TRAFFIC_SECRET_0 f23d1ddf047f0379fd50b35c56d8bc49ede41c0fd082047ec25c36db23f95dde fbc79ddd85a0412a07d86d152c49e94d39f5d00842698c32e2b69fdc40f5ea2e7515e827c93b4330d0e3fdf82ef67b3a
SERVER_TRAFFIC_SECRET_0 f23d1ddf047f0379fd50b35c56d8bc49ede41c0fd082047ec25c36db23f95dde 370a3405660c3e292261d2fb95d6028ba101724fb9bcf8f432edff06ae4926ddfec6d5c916441a92a9d004c8bdeacefe
EXPORTER_SECRET f23d1ddf047f0379fd50b35c56d8bc49ede41c0fd082047ec25c36db23f95dde c82224848ed81347af189d84e7d51db6f02dcabcef626b468a8d39d39dfd1b32c7fed3568be4af9cb0f8778d7f1acf38
CLIENT_HANDSHAKE_TRAFFIC_SECRET 7db1ac071581b8f7cb437548f59ed7d4e77c062b120b7d8de29f0063f4974fb4 64d18757029baec28ef1d66c1158b344cf945c5315659180ff17a632296de096
SERVER_HANDSHAKE_TRAFFIC_SECRET 7db1ac071581b8f7cb437548f59ed7d4e77c062b120b7d8de29f0063f4974fb4 32073910423167fae74dcbfdfeb37b28f0c20ffc26a98e4481afcc84e2a55176
CLIENT_TRAFFIC_SECRET_0 7db1ac071581b8f7cb437548f59ed7d4e77c062b120b7d8de29f0063f4974fb4 206a5b2a343b8203d500de88a72650abffb33b8358a4689d9f3fe43bc3e07fde
SERVER_TRAFFIC_SECRET_0 7db1ac071581b8f7cb437548f59ed7d4e77c062b120b7d8de29f0063f4974fb4 a24ab76bc9c5365c0de7215cef6bc9e767b255ba0a63787416c890fb786ac19a
EXPORTER_SECRET 7db1ac071581b8f7cb437548f59ed7d4e77c062b120b7d8de29f0063f4974fb4 0752dd14e98e27454294c9d0331fd25b0578f9b0e624824fe3d6301acad570ad
CLIENT_EARLY_TRAFFIC_SECRET 6de633a10c96d03c6195d2bd82e1c908d46107f190113269e21138938d5bd174 dbb0b9496c0d9617e3ded4b4d7a94ee53fa1efe954b267e9bb938416cf516b7e
CLIENT_HANDSHAKE_TRAFFIC_SECRET 8d8e133d59e9551f784a21afadb00a0043aebc93a41fc3c178e160d171409513 d322e37623dc38ae932dde65e4c7a1bb9b6a8bf83455e636d7b90199d1e3d9764ae9d58896946538b2fc81075f5d0c13
SERVER_HANDSHAKE_TRAFFIC_SECRET 8d8e133d59e9551f784a21afadb00a0043aebc93a41fc3c178e160d171409513 7545abb1c3e0e99171931c6224824ce7e7a5d0c4d656c74ea66450e48511751ab371dfe440996ecf06ca77486958118f
CLIENT_HANDSHAKE_TRAFFIC_SECRET 656ad9648229a4a66d9da0bb71cd791d9cd1587339eb2b49aba5fffe82532962 17de89753aa2b031a2a849cddbb86f418ad40a9add691285e6b552ba631ddc9e
SERVER_HANDSHAKE_TRAFFIC_SECRET 656ad9648229a4a66d9da0bb71cd791d9cd1587339eb2b49aba5fffe82532962 d683feb15dcbecc341604e14ebeac0ddac639550bab205e099c5d78835f1471b
CLIENT_TRAFFIC_SECRET_0 8d8e133d59e9551f784a21afadb00a0043aebc93a41fc3c178e160d171409513 43d318b38eb7b54daf118515044707bb57914b9e6e88d4d12c5ba44d06c0a88dbea6086310234c0e17addc7532981b97
SERVER_TRAFFIC_SECRET_0 8d8e133d59e9551f784a21afadb00a0043aebc93a41fc3c178e160d171409513 7b89e85f09e7e55903a99a75ae492e5ae135eb818c65ea11f0d39b67cf47f59edf7bbc41d17a9a351a30ab786141016b
EXPORTER_SECRET 8d8e133d59e9551f784a21afadb00a0043aebc93a41fc3c178e160d171409513 c5c7d34761b9c5c0fd9c50795913628296ffb5b3cc10615699d571e4574ed2d4579c909d24da23bb60cb3fab129b234c
CLIENT_TRAFFIC_SECRET_0 656ad9648229a4a66d9da0bb71cd791d9cd1587339eb2b49aba5fffe82532962 0ea2fb91f9a6361178535ef5cd70441d58963ab37ae221a1bda71ec55473fd2e
SERVER_TRAFFIC_SECRET_0 656ad9648229a4a66d9da0bb71cd791d9cd1587339eb2b49aba5fffe82532962 d16f83b7d8918790ebb2df0e27afb9ec53e971b03d33e1e07c5bda8f2b44699c
EXPORTER_SECRET 656ad9648229a4a66d9da0bb71cd791d9cd1587339eb2b49aba5fffe82532962 a3067823326a018076982639dc523a02b05c973b430eca4b7bf57d2d6ae9dd73
CLIENT_HANDSHAKE_TRAFFIC_SECRET ea297df6dcba4ceb5caf79ddcb6803026baa5f3b6dfdca81a12f0f7626faf410 d3d736ac759fc63c1609c95c299ad2d2a788cab758d5ca733904f70f3f5f7b28
SERVER_HANDSHAKE_TRAFFIC_SECRET ea297df6dcba4ceb5caf79ddcb6803026baa5f3b6dfdca81a12f0f7626faf410 63480c9e95639164619f211595926434d825fba34b98b1a04cfae04b6fcbe5e0
CLIENT_TRAFFIC_SECRET_0 ea297df6dcba4ceb5caf79ddcb6803026baa5f3b6dfdca81a12f0f7626faf410 fb135b83e10ef662cc0a1097f9a4f00cee6e04f6981d322b409f56db9a77129e
SERVER_TRAFFIC_SECRET_0 ea297df6dcba4ceb5caf79ddcb6803026baa5f3b6dfdca81a12f0f7626faf410 9b2d24fdeb4378277bc6cc37d83d9a8324adb419e04c950cc1d6c2e99d794423
EXPORTER_SECRET ea297df6dcba4ceb5caf79ddcb6803026baa5f3b6dfdca81a12f0f7626faf410 0e49f5cc05f6735cd0c2c24d5e73aa0b6cf5103d871d5b8d56ef3899619d17a4
CLIENT_HANDSHAKE_TRAFFIC_SECRET a6bc33ee005c6951cd7776a96ebb182acea8aa208ddaf5020d4bc95e3b802684 a5084c1545f227bd0a556a7d84f32d1c780a5f3a365c1bc93e32ce2f98831157
SERVER_HANDSHAKE_TRAFFIC_SECRET a6bc33ee005c6951cd7776a96ebb182acea8aa208ddaf5020d4bc95e3b802684 43d44c5968a73fdd4ecdc39b46d0552a7687d57a4d8b191334a2ada042e22727
CLIENT_TRAFFIC_SECRET_0 a6bc33ee005c6951cd7776a96ebb182acea8aa208ddaf5020d4bc95e3b802684 f8fe738f06fffdc04d985fd998eb96b2b9aa05eb5b7b7e8b33c9a7b0b3e341ef
SERVER_TRAFFIC_SECRET_0 a6bc33ee005c6951cd7776a96ebb182acea8aa208ddaf5020d4bc95e3b802684 d7435533130b8a28927d9141228a9bc9ef6cef08028dcb8f96029b2f78106aa1
EXPORTER_SECRET a6bc33ee005c6951cd7776a96ebb182acea8aa208ddaf5020d4bc95e3b802684 8d250065d248c019314a3b1fd984245e9fdf02f2bf79b8b42fb6e11c50264a8c
CLIENT_HANDSHAKE_TRAFFIC_SECRET 7e4e5d2397efdae276009e3cb23db1373b67fbd7f8484f71c7e35699825fe575 b4a0c02fd6263cf38692b9e9f21b13a8ed4ed6fa12800c6ba0f0f3c801afb540a316c1d527d13fc401c7516273321ba3
SERVER_HANDSHAKE_TRAFFIC_SECRET 7e4e5d2397efdae276009e3cb23db1373b67fbd7f8484f71c7e35699825fe575 bcea44763614306786a617305253798397b5df7e5b3bfdb4468456b41c9b96def201b57137a3aa07204e3c4915766f7e
CLIENT_TRAFFIC_SECRET_0 7e4e5d2397efdae276009e3cb23db1373b67fbd7f8484f71c7e35699825fe575 4b18ecc42f9789e733820e96146377599fc583df5ec20666751804034e4bf8a2a61130d14e9f8c01cf0f2fc2da42dc98
SERVER_TRAFFIC_SECRET_0 7e4e5d2397efdae276009e3cb23db1373b67fbd7f8484f71c7e35699825fe575 05f0c05a510c693222b782e8eac06218bd0eb2a28502b8c98a9ca10d9fe9ed3c2bc8b45627072e1564229ddcf48d0058
EXPORTER_SECRET 7e4e5d2397efdae276009e3cb23db1373b67fbd7f8484f71c7e35699825fe575 1f6bcac9d49fe1dac4f1c556b82a4280f935c5d446c8b0fb205357dd081a8de52e8730684bce018ca4d85bc6c4c0046e
CLIENT_HANDSHAKE_TRAFFIC_SECRET 3617c99b4fc6f91cbf3d7b0224f2f58672281f51ead87f6e841f0f971390673e 238590b1b2ef22da1dd5de57492cdcc4cc7c167903b80ce8445c4109ce99bde3
SERVER_HANDSHAKE_TRAFFIC_SECRET 3617c99b4fc6f91cbf3d7b0224f2f58672281f51ead87f6e841f0f971390673e b4f4e519b4129545aaa961a5b5717cb7d2b17662e0bc0c08d00b44ff843ff977
CLIENT_TRAFFIC_SECRET_0 3617c99b4fc6f91cbf3d7b0224f2f58672281f51ead87f6e841f0f971390673e 119cb7acb1987cf141a6aa6cb943bc2c1d7c7ca44fea458c51de61ab7083fe9c
SERVER_TRAFFIC_SECRET_0 3617c99b4fc6f91cbf3d7b0224f2f58672281f51ead87f6e841f0f971390673e 9f1b539563b79d2799bcd1d4d49fc0400e14b7b03bf14c0727eff4be6b35c6e6
EXPORTER_SECRET 3617c99b4fc6f91cbf3d7b0224f2f58672281f51ead87f6e841f0f971390673e 99716186642e703d8b822fa9c5d011cb3c7549a4de17ee713e6bbe872a7ab41d
CLIENT_HANDSHAKE_TRAFFIC_SECRET 3fe3e21257f9c83e7913692fc1d20f1c2f6b6b26e44bbe2548ab518ebf9d0493 cd9ca57158397d02a19ba66558f6aaa0cb35061e168ab06451b98e4acf4ee2074c98dc65d5a7634deb7670d8b6004285
SERVER_HANDSHAKE_TRAFFIC_SECRET 3fe3e21257f9c83e7913692fc1d20f1c2f6b6b26e44bbe2548ab518ebf9d0493 ac850ed762f186291e881cba880e4fbe9a5976a9462371b1e416956ee642b6e56a1dcbcdbd1fe649cc838c41ec7fb1f8
CLIENT_TRAFFIC_SECRET_0 3fe3e21257f9c83e7913692fc1d20f1c2f6b6b26e44bbe2548ab518ebf9d0493 e8f56c1a073772cbb25748fb42a67969a7229e359905f988f868759bfc7415213f9d46b8a2d98af9eaa0067dc2e3fa6e
SERVER_TRAFFIC_SECRET_0 3fe3e21257f9c83e7913692fc1d20f1c2f6b6b26e44bbe2548ab518ebf9d0493 14b49fce5bf47c6a6128473f4476a5f96e6266a79f2b181cbb2fdaeff15d6a265538ac5e80a7cd8e06417274a3d472dd
EXPORTER_SECRET 3fe3e21257f9c83e7913692fc1d20f1c2f6b6b26e44bbe2548ab518ebf9d0493 af80e17af90a58d96bf6c30b63fe4ca0b02e2c7c923efdd7956f45761959bbee87c63b087a21c7a72898879e7d747872
CLIENT_HANDSHAKE_TRAFFIC_SECRET 24193eec96483cab4ee071573e583078bf9f5c5633057ccfee291c86d0a8f0f1 72e768c9b532906b9e73263eb04bd317ec7ee78b548b1af3423cb7d7c46d7e2c
SERVER_HANDSHAKE_TRAFFIC_SECRET 24193eec96483cab4ee071573e583078bf9f5c5633057ccfee291c86d0a8f0f1 d90c8b97d380a5bff54825a98893bbdf919fb0b33909c30e26438801768c2c39
CLIENT_TRAFFIC_SECRET_0 24193eec96483cab4ee071573e583078bf9f5c5633057ccfee291c86d0a8f0f1 ee1a4211df82dbe1c6de2fdc9bb3aee76ffd852390f700abc05735de9a82031c
SERVER_TRAFFIC_SECRET_0 24193eec96483cab4ee071573e583078bf9f5c5633057ccfee291c86d0a8f0f1 a951dc797ff516275ca1112e1d30a854c0a3fbbc6b0fe8a378d61d69d923c309
EXPORTER_SECRET 24193eec96483cab4ee071573e583078bf9f5c5633057ccfee291c86d0a8f0f1 9ad6baf2449a615c31203fbf5109dd0572206bfd5a875797a1e13aa73894e5ff
CLIENT_HANDSHAKE_TRAFFIC_SECRET 59b68b93d0d3c8d8b349aeffe8c8cbc2dcbd081cdec003df60071fabcb8d584e 9c63fc19d8132b9202928e818673ef9668dc894d056fc9e51e04ff8f3dbd026e
SERVER_HANDSHAKE_TRAFFIC_SECRET 59b68b93d0d3c8d8b349aeffe8c8cbc2dcbd081cdec003df60071fabcb8d584e 6596bd1588bfdfce95195c8e6d1b7e7db417aeb1c5b0636eae8d57a9385f48a4
CLIENT_TRAFFIC_SECRET_0 59b68b93d0d3c8d8b349aeffe8c8cbc2dcbd081cdec003df60071fabcb8d584e 6b24d110db244a5454899bdf31f37a9b04db7b529086abc156af344bfe0114ba
SERVER_TRAFFIC_SECRET_0 59b68b93d0d3c8d8b349aeffe8c8cbc2dcbd081cdec003df60071fabcb8d584e 68b9061828b573cb29133a02a93f0a712eea97d5710d46bde175e369a131767e
EXPORTER_SECRET 59b68b93d0d3c8d8b349aeffe8c8cbc2dcbd081cdec003df60071fabcb8d584e a2b2c5c599b84c1d3594e769123aa79e3260e1a95094dc8dcd764e02469632c4
CLIENT_HANDSHAKE_TRAFFIC_SECRET c8cf4ddc623af6408bd54a475aacb206a872c00a1556db468db9ec888a08497b 3dee19ca17736870fb81d2bf9da3b5a0292ac6aecee5708b8e5e95b190e6778b
SERVER_HANDSHAKE_TRAFFIC_SECRET c8cf4ddc623af6408bd54a475aacb206a872c00a1556db468db9ec888a08497b d02864865809725854647091dec8992a5265e9b49c39704cc46b5976bb77482a
CLIENT_TRAFFIC_SECRET_0 c8cf4ddc623af6408bd54a475aacb206a872c00a1556db468db9ec888a08497b e1187150824e1635f6f6349c87b7a351dc1103a986a830a8eed87e91b15755d4
SERVER_TRAFFIC_SECRET_0 c8cf4ddc623af6408bd54a475aacb206a872c00a1556db468db9ec888a08497b bdb4df5ee7e23b99e5f191564db3f49ad6763c50b75e94f88cd456ba241788c9
EXPORTER_SECRET c8cf4ddc623af6408bd54a475aacb206a872c00a1556db468db9ec888a08497b c20657e9f2955def13079132edee0f31d250cf4142b268d03961b95e21a43f1f
CLIENT_HANDSHAKE_TRAFFIC_SECRET cdf47cd83317c381d37910cad46502dd4708aabf9b2739ee99bdf00c46427089 bfabcce709bc8185c72ac4b011d72cfa5bfcdec8a1a644717737c1018330f209
SERVER_HANDSHAKE_TRAFFIC_SECRET cdf47cd83317c381d37910cad46502dd4708aabf9b2739ee99bdf00c46427089 84356e17690d75afc4365b106acf70d1350038c180b0ce0351671245d6f4c6ee
CLIENT_TRAFFIC_SECRET_0 cdf47cd83317c381d37910cad46502dd4708aabf9b2739ee99bdf00c46427089 65b939812c4ab49a9a3e698d122038800a5e371f9829130560e2e76fe23c4df9
SERVER_TRAFFIC_SECRET_0 cdf47cd83317c381d37910cad46502dd4708aabf9b2739ee99bdf00c46427089 182c1392cf59f553f77b99b26060b63658f57a388e0fdce0fb9f944127cc6958
EXPORTER_SECRET cdf47cd83317c381d37910cad46502dd4708aabf9b2739ee99bdf00c46427089 df13cdae6b4224a785f3e3119a4fc1aaa95ac59f27180d75931c2439af8168f4
CLIENT_HANDSHAKE_TRAFFIC_SECRET 8cea47e8b0ee98b72dd60eac2ff796f778d100cb81155339a99fa20e5be109ba 873a63ea18de3d8370e031c4698ffc28cc09fdbfee2d9d4f26b4ea5021edfbfc
SERVER_HANDSHAKE_TRAFFIC_SECRET 8cea47e8b0ee98b72dd60eac2ff796f778d100cb81155339a99fa20e5be109ba b9ccdc1bd44bec3e90cef46eeb83f586bc3db84a5b333c9012fe0638a743526e
CLIENT_TRAFFIC_SECRET_0 8cea47e8b0ee98b72dd60eac2ff796f778d100cb81155339a99fa20e5be109ba 5958e01562911163c8cab49f03cf44873c424d3aa8d2ba6f6fe09fbd86d0b695
SERVER_TRAFFIC_SECRET_0 8cea47e8b0ee98b72dd60eac2ff796f778d100cb81155339a99fa20e5be109ba 675f4b5733d0e060e096a71ba2adcd0d5724c1bb53bb0f614dc84970730eb8eb
EXPORTER_SECRET 8cea47e8b0ee98b72dd60eac2ff796f778d100cb81155339a99fa20e5be109ba 83dd516b7f6e7be16d23b16bcfbfe0ec112403ca6af019c74999c22b063353f8
CLIENT_HANDSHAKE_TRAFFIC_SECRET 966eb633d1a3a1249a771f239fe0b6a4739181104b2fef419e6d377b79345546 d7596d94cfaec15c226ee0b5329493bcd04f795ae36dad4255676e35b33be3c7
SERVER_HANDSHAKE_TRAFFIC_SECRET 966eb633d1a3a1249a771f239fe0b6a4739181104b2fef419e6d377b79345546 0cb6d264a90eff6b5879a04beef01d51dbe5a6652dffcc004d47de7100b749d2
CLIENT_TRAFFIC_SECRET_0 966eb633d1a3a1249a771f239fe0b6a4739181104b2fef419e6d377b79345546 4ad720eb880e10e7f6d09f46c180d454f2c290729e4f456457dbde396c58d16e
SERVER_TRAFFIC_SECRET_0 966eb633d1a3a1249a771f239fe0b6a4739181104b2fef419e6d377b79345546 75dde14c16fad91d65943208b236ba913b16e71b0f2f0d3fcf75c3e078e2def6
EXPORTER_SECRET 966eb633d1a3a1249a771f239fe0b6a4739181104b2fef419e6d377b79345546 018bb272dc6b2246dc0218c819d6a76cb55db11c981a31b1e22793153a778f74
CLIENT_HANDSHAKE_TRAFFIC_SECRET 383d067e448ecdb3757e06ef90d37548bb4dce8ea547f0bd991a4bf161c28877 320c7f350fcb40ad29c03d9e8719df7bb7408f613741f783c8ac35e820d4ce0c
SERVER_HANDSHAKE_TRAFFIC_SECRET 383d067e448ecdb3757e06ef90d37548bb4dce8ea547f0bd991a4bf161c28877 22ad1e51db68ae38e52c6431a258bb8270bdb0dbf616f2fb0e889c95f2d8f776
CLIENT_TRAFFIC_SECRET_0 383d067e448ecdb3757e06ef90d37548bb4dce8ea547f0bd991a4bf161c28877 1040ec7d7f7f3e77276f79540c641b9ef73e1d882e4ebc3dcfafcb33306e942a
SERVER_TRAFFIC_SECRET_0 383d067e448ecdb3757e06ef90d37548bb4dce8ea547f0bd991a4bf161c28877 d9698ab2e02a8aa74be11ec2dd34f76428a7c06f9b1af030dc4c2d98c642759f
EXPORTER_SECRET 383d067e448ecdb3757e06ef90d37548bb4dce8ea547f0bd991a4bf161c28877 c87e67ecd01fc949d192581261a8f73e1d221b43e70922a43d2050b953f4be70
CLIENT_HANDSHAKE_TRAFFIC_SECRET f99d381717b6d8f1c652670af6ed73c14ec0108a0550838eebbd5a65351010aa 8d22dd677655b911cbdec40d94060ace3019303eda87d4af47882adb203e0b5f
SERVER_HANDSHAKE_TRAFFIC_SECRET f99d381717b6d8f1c652670af6ed73c14ec0108a0550838eebbd5a65351010aa c02f675b6d00670cc6f279da47f6662bf239a6496380a7811f9ac901d59a9ecd
CLIENT_TRAFFIC_SECRET_0 f99d381717b6d8f1c652670af6ed73c14ec0108a0550838eebbd5a65351010aa 9f7ba97cfadb7fa157bef6d6706576afeb78f8ce2e272bad975be3a3e97c45e6
SERVER_TRAFFIC_SECRET_0 f99d381717b6d8f1c652670af6ed73c14ec0108a0550838eebbd5a65351010aa 0882016c1c65302b75995d947265704fe868bcfac65cc22a38b84c73bb9c3c92
EXPORTER_SECRET f99d381717b6d8f1c652670af6ed73c14ec0108a0550838eebbd5a65351010aa 730f5ebfb1f699c42337b298ea2308742756d79762764fab7a84fbcc325e4771
CLIENT_HANDSHAKE_TRAFFIC_SECRET 9d3923dc150f51ab170c9492128a58534777d58395b5e6969556fae5811a753c 83d29fb8f2589688eb7dc79578519da0e78f80c2877d9da990d6b032c12cfd2c
SERVER_HANDSHAKE_TRAFFIC_SECRET 9d3923dc150f51ab170c9492128a58534777d58395b5e6969556fae5811a753c ad8c65b72b86f1824349810e05626c9fe0cf537d6eb3d037e6956c4a9453ea38
CLIENT_TRAFFIC_SECRET_0 9d3923dc150f51ab170c9492128a58534777d58395b5e6969556fae5811a753c 8cdabd287403aa98f94ea005a630bb7e9b829e530b5f92bf1cc351ddf0786a99
SERVER_TRAFFIC_SECRET_0 9d3923dc150f51ab170c9492128a58534777d58395b5e6969556fae5811a753c 6e152c9cde862e6ec16fd42f14397ad589b39d8f7b312c21a3a426f0545d8b66
EXPORTER_SECRET 9d3923dc150f51ab170c9492128a58534777d58395b5e6969556fae5811a753c 6425ce120e2715eb02c1ef67f0444592f5551e6edaa008affcd8746184209ef6
CLIENT_HANDSHAKE_TRAFFIC_SECRET 0b26bf1c9cef9d7bb81a1823511fde56a2d7b4cef57691c086468e6e08cb1377 86e0693f8e4961ffb590055627fb9c0b7fa12a7935b2795c381bdd1350997027ddd67b5035a6043b2251beb937e9f227
SERVER_HANDSHAKE_TRAFFIC_SECRET 0b26bf1c9cef9d7bb81a1823511fde56a2d7b4cef57691c086468e6e08cb1377 08e3b4623e3fe60fa4ee0bf2db7ee34d255fa97816f5acdbdb540c2ccb54b5ad7a778b701c13c358a37b2172ca90413d
CLIENT_HANDSHAKE_TRAFFIC_SECRET 60993a906aed76e5db6b8bfc9c2ed759c84950ad3cfe7d73202101433367703a 8d36e90cd8da2420e0f2e282f09a092f0bfec83aec534f677a45ffb741e81d8d
SERVER_HANDSHAKE_TRAFFIC_SECRET 60993a906aed76e5db6b8bfc9c2ed759c84950ad3cfe7d73202101433367703a e2e5f16aded881dd7705ac4896333c45452c854de18dfffa642e8776f0e3fc2d
CLIENT_HANDSHAKE_TRAFFIC_SECRET 2912e442a863303c6fb8ecc54ae4a0cfb1ee4481cd800df51f45a03e27b4a9fc 231e1586a872e5306683c660409da738796403129ea31435c4cc369963d3a634
SERVER_HANDSHAKE_TRAFFIC_SECRET 2912e442a863303c6fb8ecc54ae4a0cfb1ee4481cd800df51f45a03e27b4a9fc 6dca3f50f56b37421b9f540c794a869b3b8ce353959eea51ad36d609f346ebe3
CLIENT_TRAFFIC_SECRET_0 0b26bf1c9cef9d7bb81a1823511fde56a2d7b4cef57691c086468e6e08cb1377 478c84c498ad8535ffefa04bc83f7a13c07e6a624954b74cb5e86692f59d357f91f6b98232c5292082d50d79f9f59963
SERVER_TRAFFIC_SECRET_0 0b26bf1c9cef9d7bb81a1823511fde56a2d7b4cef57691c086468e6e08cb1377 8bf7a0062e078c7b3f26eba1d3bcc350487d93b8d097efd1cf8cc2575e578dd78c8299aa378831839fdd8dc888cedc3c
EXPORTER_SECRET 0b26bf1c9cef9d7bb81a1823511fde56a2d7b4cef57691c086468e6e08cb1377 2f5c61120a5395d107fd6fac6eb1cbb0b25ed59b529accf21cc85a9256a58e10a55fedd80930bd0c6e5f1979056ce10d
CLIENT_TRAFFIC_SECRET_0 60993a906aed76e5db6b8bfc9c2ed759c84950ad3cfe7d73202101433367703a efdb0be8aa1f071399579975e52aef0ad3c7ecf98caf6119836e8dd459b59c93
SERVER_TRAFFIC_SECRET_0 60993a906aed76e5db6b8bfc9c2ed759c84950ad3cfe7d73202101433367703a d0a7ea745c57aeeb4a2f6db005d92346e17dfa1bc3848fd29ee438c26261d848
EXPORTER_SECRET 60993a906aed76e5db6b8bfc9c2ed759c84950ad3cfe7d73202101433367703a d0f0726531dfe6dab0ba2d2dc129911955be628858bf5cbcf994cca345ba29cb
CLIENT_TRAFFIC_SECRET_0 2912e442a863303c6fb8ecc54ae4a0cfb1ee4481cd800df51f45a03e27b4a9fc 9b2ecfc3ef86a04a0b15b07dd1c53e224da1c58a8d92dfcc27ea4c4655b00b45
SERVER_TRAFFIC_SECRET_0 2912e442a863303c6fb8ecc54ae4a0cfb1ee4481cd800df51f45a03e27b4a9fc f2a3930911a809bf636b9bd4f0f8f011784f731073072c2aa8235bc84f3b32a4
EXPORTER_SECRET 2912e442a863303c6fb8ecc54ae4a0cfb1ee4481cd800df51f45a03e27b4a9fc 34280039d76704d92932227dadcf4365b9d0f12365a6da06478d83231a2b30db
CLIENT_HANDSHAKE_TRAFFIC_SECRET 970f2abe87f7f17afd697ebfd9ee087ba1447aea6a99ef48d8dff49a0dfcff28 0fbae9592468064d78c5dd18fb0bea1f90d5f284d70df6950b94f2abe6b24703b8701d3dc743b82a6610f7e454b73327
SERVER_HANDSHAKE_TRAFFIC_SECRET 970f2abe87f7f17afd697ebfd9ee087ba1447aea6a99ef48d8dff49a0dfcff28 2e7702cf601a6471a9084c19347d7a32862d66d030b149530487df6caf466f652c2274e594ecbac5549c474c9abeadaf
CLIENT_TRAFFIC_SECRET_0 970f2abe87f7f17afd697ebfd9ee087ba1447aea6a99ef48d8dff49a0dfcff28 d130c98e602c26afb1d6fe1924484d15d04367be5fe55cd2fa210e3a0d1ef7ca255f3d005a3fcf7c1dff6959b7f9dc1e
SERVER_TRAFFIC_SECRET_0 970f2abe87f7f17afd697ebfd9ee087ba1447aea6a99ef48d8dff49a0dfcff28 bf96595303bffd94b0c5c4e43cfe8f0ddc73263643647cff7fdf809401769af617280effd26fcdb2a312ee9795dc6adc
EXPORTER_SECRET 970f2abe87f7f17afd697ebfd9ee087ba1447aea6a99ef48d8dff49a0dfcff28 037e33b37952fe87ed400616db2a56b051cce3583cefe6dba493a5a22841724dd6679189e1e47a053d5977063ec0e8a1
CLIENT_HANDSHAKE_TRAFFIC_SECRET 1847f33e317dc03d6f3e67daae79e6fb649202f2830f696e053f1079255031bd 455ceb50e9ba73cab9d3e9371ed6a1b772b3032054ffeceb307ef83acadbf3f6
SERVER_HANDSHAKE_TRAFFIC_SECRET 1847f33e317dc03d6f3e67daae79e6fb649202f2830f696e053f1079255031bd 55e50d07161599f1600215ec33572a9cdfd5a788225b47a59052929081afdf44
CLIENT_TRAFFIC_SECRET_0 1847f33e317dc03d6f3e67daae79e6fb649202f2830f696e053f1079255031bd 0a0362e660a47d737f1493f6b039458f727b7d4bb59a273646ed7bb8f2d75d66
SERVER_TRAFFIC_SECRET_0 1847f33e317dc03d6f3e67daae79e6fb649202f2830f696e053f1079255031bd 18e56032c488a0f8d3f0d94e527c48eb86f24a7ec988ec80bede080674236e07
EXPORTER_SECRET 1847f33e317dc03d6f3e67daae79e6fb649202f2830f696e053f1079255031bd 1930316f373126bce00a7c4ef22a650d4d8bfc93b2c26b1ad51efb558f375512
CLIENT_HANDSHAKE_TRAFFIC_SECRET 9dd65d67e75ea3cbfc1107d8d5381f7d119de382b09d5f1d3725fdd3067e31ff 4eb86a60160407ef0ee644af119e6736ef1608531a7436908076f734104c39d6
SERVER_HANDSHAKE_TRAFFIC_SECRET 9dd65d67e75ea3cbfc1107d8d5381f7d119de382b09d5f1d3725fdd3067e31ff 73fc0afbaf3aabe6a20beead67d127dc95d6de704a7b1bfe1a78fb64efdd6ba0
CLIENT_TRAFFIC_SECRET_0 9dd65d67e75ea3cbfc1107d8d5381f7d119de382b09d5f1d3725fdd3067e31ff e01facb1d0ea29c3085b0be1b08401229e13a6925064c14d29c5627d1c9fb7ba
SERVER_TRAFFIC_SECRET_0 9dd65d67e75ea3cbfc1107d8d5381f7d119de382b09d5f1d3725fdd3067e31ff 3458f42ac986ef106e3b66ce7d38d27bda66054ae5cbc40f28cb0997545a5f7e
EXPORTER_SECRET 9dd65d67e75ea3cbfc1107d8d5381f7d119de382b09d5f1d3725fdd3067e31ff d863134c301a5458abf10c74045da68b1adb995d166c1cdaa91606f2f2145555
CLIENT_HANDSHAKE_TRAFFIC_SECRET 500deb97f30782bf718928d7f5c41f3d6adede2a1ddac781585282bcc83548a9 24edcbf3fc0280cca3e74402c9441445a5132b3615930a530d1845f78583ac82
SERVER_HANDSHAKE_TRAFFIC_SECRET 500deb97f30782bf718928d7f5c41f3d6adede2a1ddac781585282bcc83548a9 ce97397fe90a652ef6c8bf9372cdf0fb4b36c1e34764644b9814072c1497f768
CLIENT_TRAFFIC_SECRET_0 500deb97f30782bf718928d7f5c41f3d6adede2a1ddac781585282bcc83548a9 267f6731239f1ebbfd8e4a13204c5dfb48aba412cdfc5986d11789b196e8ede7
SERVER_TRAFFIC_SECRET_0 500deb97f30782bf718928d7f5c41f3d6adede2a1ddac781585282bcc83548a9 709ecc5b82def90ec2b4ddf9260d0d714fd5f7777254020bda19efe0bfa8be06
EXPORTER_SECRET 500deb97f30782bf718928d7f5c41f3d6adede2a1ddac781585282bcc83548a9 ba97868d3ec81930d0e12fec5d30c9d2bb1970c90982894d136dff68cbf07a1b
CLIENT_HANDSHAKE_TRAFFIC_SECRET b43550a1b19a6889f7cc4cfb80cb51f94a99bfb6488e9be7b942db5001fe4133 e125965d7bc89e7c61aca3b4fe2f92311b62e8bfce73699e5fa43ba2f9f677df
SERVER_HANDSHAKE_TRAFFIC_SECRET b43550a1b19a6889f7cc4cfb80cb51f94a99bfb6488e9be7b942db5001fe4133 6599dc96cb4808117fc5d1dbfc91fab4625459ed112310abe5847b1de964da8d
CLIENT_TRAFFIC_SECRET_0 b43550a1b19a6889f7cc4cfb80cb51f94a99bfb6488e9be7b942db5001fe4133 741abb8b70ba182ab0a43c81586eacd197d156ebdc31828697c93c8b6d99d26b
SERVER_TRAFFIC_SECRET_0 b43550a1b19a6889f7cc4cfb80cb51f94a99bfb6488e9be7b942db5001fe4133 a7a37defb73000a8f5c4c953dc525ea611dc913890c485b2c0a5b389670d2f00
EXPORTER_SECRET b43550a1b19a6889f7cc4cfb80cb51f94a99bfb6488e9be7b942db5001fe4133 7f438ec4448cb05f3190c2cf159d7c93be10f8bfdb1d743426d015a11aad5343
CLIENT_HANDSHAKE_TRAFFIC_SECRET bd305b662bd656e4edd26d3233af6a607c190790f45a8a419ef71837dbb4344c cc690d568e07bcd9eef487bcd74dcad61eef9bcd970e90bada428a98f01c8b8a
SERVER_HANDSHAKE_TRAFFIC_SECRET bd305b662bd656e4edd26d3233af6a607c190790f45a8a419ef71837dbb4344c a8e4a25428cfe81fd97a1484af96fc8fd94d8807c0daf1ecd263444cd1415263
CLIENT_TRAFFIC_SECRET_0 bd305b662bd656e4edd26d3233af6a607c190790f45a8a419ef71837dbb4344c 44ea01f5063bfe1ac562046803ebea1a9ca868b268867a30a84644f8a08c610d
SERVER_TRAFFIC_SECRET_0 bd305b662bd656e4edd26d3233af6a607c190790f45a8a419ef71837dbb4344c 8ef7354b53b13c72268c58f879555a917e165a02dcb69b111cda9531292c6387
EXPORTER_SECRET bd305b662bd656e4edd26d3233af6a607c190790f45a8a419ef71837dbb4344c c9128b9b13d896921fab13011de4aebff2013d99a672f79784d321b3e6588b42
CLIENT_HANDSHAKE_TRAFFIC_SECRET 9f45800fc35dcd3e292de9c11450041ff20e0b51775cdeb83b0ce5feca7e0b6f e4aa30f2101d290931ce7f8ed577037d59ec2a02e8253b3026d3b0fee34d2e49
SERVER_HANDSHAKE_TRAFFIC_SECRET 9f45800fc35dcd3e292de9c11450041ff20e0b51775cdeb83b0ce5feca7e0b6f 92fc39bed1ffd8e168216fc2ad90c79909ec284f375f91a486e87bea531f8232
CLIENT_TRAFFIC_SECRET_0 9f45800fc35dcd3e292de9c11450041ff20e0b51775cdeb83b0ce5feca7e0b6f c1e62da2ac9facaa574dda32501014c4d34225babc2da33cfd31e41b42df8ce9
SERVER_TRAFFIC_SECRET_0 9f45800fc35dcd3e292de9c11450041ff20e0b51775cdeb83b0ce5feca7e0b6f e05211db141e8746a4e426970ffa71404d937ffba073c52b5eecf1f4bb368070
EXPORTER_SECRET 9f45800fc35dcd3e292de9c11450041ff20e0b51775cdeb83b0ce5feca7e0b6f 93964fef198c421bbf9fd3ae11d4c9359cba6a8bf728852d0327700eae71cc99
CLIENT_HANDSHAKE_TRAFFIC_SECRET 194923547ff4fe56a265f2ad12db28529b6a981505beabd6d8eed033b7dc10b1 cd003cf6a93f645e9f62163eb032b13b9095196573597644fa5820206bc9cf84
SERVER_HANDSHAKE_TRAFFIC_SECRET 194923547ff4fe56a265f2ad12db28529b6a981505beabd6d8eed033b7dc10b1 828dba3adffb35cafcb0d0474b36f1759905111948b8ba45eec966950da60fe3
CLIENT_TRAFFIC_SECRET_0 194923547ff4fe56a265f2ad12db28529b6a981505beabd6d8eed033b7dc10b1 cefebc95dc84aeb19ff3469bd0e692b581108b623c588f328c26463f98359aff
SERVER_TRAFFIC_SECRET_0 194923547ff4fe56a265f2ad12db28529b6a981505beabd6d8eed033b7dc10b1 260ed4862e3aac2adeb446ab441d1b25bb8388cc4eb437d367eb9a2c0b0eb972
EXPORTER_SECRET 194923547ff4fe56a265f2ad12db28529b6a981505beabd6d8eed033b7dc10b1 82d283045d75616a759c354f55aee231444f7d2b4bb6d6eb9523761767d7564e
CLIENT_HANDSHAKE_TRAFFIC_SECRET c504204cb6e6efc9efe8ae16f81d8150650ade06b0f85cac571482a32d379bd0 26bc45d73f1a611db18b919b5c193f30b2d09e54d1f07281d3102643ca34dbd6c2019f6c1ff2c3e5bc003c3e24b607cf
SERVER_HANDSHAKE_TRAFFIC_SECRET c504204cb6e6efc9efe8ae16f81d8150650ade06b0f85cac571482a32d379bd0 831a9c24255748a9ddddc6056abc6b9e99689a00807b94117a16359a43bf707b3ce8cf8d650826f3dea5f753f15d4a46
CLIENT_TRAFFIC_SECRET_0 c504204cb6e6efc9efe8ae16f81d8150650ade06b0f85cac571482a32d379bd0 140127336253f7d2bbd18a271c3e8c97ce49c24d5b265161115ac145ece50fb3e02be70102983591660bb90f04d57cf3
SERVER_TRAFFIC_SECRET_0 c504204cb6e6efc9efe8ae16f81d8150650ade06b0f85cac571482a32d379bd0 2d743d0187587ecb26cf13569b0bcdb9e67848b8bea33dc4b4a123d478e7e76ebff6657d360a1e8eb94ff9fcbf1e958f
EXPORTER_SECRET c504204cb6e6efc9efe8ae16f81d8150650ade06b0f85cac571482a32d379bd0 d5dc1016a28baa725e5041cc884f34c719aec6bb924bf81ea7d03d0d606f698525bf861bda9147b0c129a61be3e51603
CLIENT_HANDSHAKE_TRAFFIC_SECRET e371b6947862d2b96820bdfa680c82294c0d68ce30f0b32182c5e1573835624c f48a0265906cfc1d8a621bf33f79428be62984337adb90072f4495f7723002c3f4dbda4e24f92d08d6888b7c01c7bd2d
SERVER_HANDSHAKE_TRAFFIC_SECRET e371b6947862d2b96820bdfa680c82294c0d68ce30f0b32182c5e1573835624c c42d1a5f8cac0c439e39f69424e3df8ddf71095cfef04fbd58e8a1f6980dd7464d8d7c2880a282710d83275c0de871c6
CLIENT_TRAFFIC_SECRET_0 e371b6947862d2b96820bdfa680c82294c0d68ce30f0b32182c5e1573835624c bc3a339b596a1c4155180596db12181bce6e4bb54035ffe6ed11b0f3c7af86172e64a21aeb37f4df834a2caf5ca6b0e6
SERVER_TRAFFIC_SECRET_0 e371b6947862d2b96820bdfa680c82294c0d68ce30f0b32182c5e1573835624c 8dcef2b8276e764098524c530decee087731348700cff5187e576148ebc360bae7cbc6f37123273797a7d27dd1012c44
EXPORTER_SECRET e371b6947862d2b96820bdfa680c82294c0d68ce30f0b32182c5e1573835624c 4830bf5f713adc94dacd427c0fff77973bf7136d2191caf21a29797c99500b45042c9b36ddf9403d14319dcf0a38caeb
CLIENT_HANDSHAKE_TRAFFIC_SECRET 5b504c17658d056c068d61d2303e93def884f1ffb7fc4f1c991f75d7a89cc9fb 75b0d8a7e6f9a2ee9eae514490015c35be0b1f266cdce97534290167d1e62fbc12a632e76cf1e16a59b404c2ffe3bf67
SERVER_HANDSHAKE_TRAFFIC_SECRET 5b504c17658d056c068d61d2303e93def884f1ffb7fc4f1c991f75d7a89cc9fb 4b0021342a3e37205d5f3312af267f9afa3e607226b7933008f9ae58ba54d2b85d68d06933286af619f51e3211707ccd
CLIENT_TRAFFIC_SECRET_0 5b504c17658d056c068d61d2303e93def884f1ffb7fc4f1c991f75d7a89cc9fb 8efdbf97e45f97d7707308d28e7fb041100d03d3cda976c6458f99683b1c265196c6329bc76ade2fe9820ec939bb3ee8
SERVER_TRAFFIC_SECRET_0 5b504c17658d056c068d61d2303e93def884f1ffb7fc4f1c991f75d7a89cc9fb 5d7dbdc008eb3fbf40d4aa09c54d3c74381cf0499708517edd39ec068c283df7886fa04c94689c0bb18677bccab11ee1
EXPORTER_SECRET 5b504c17658d056c068d61d2303e93def884f1ffb7fc4f1c991f75d7a89cc9fb 8da5ca7bf40b3f118f37a2ba59ad62502d30b007ac7246eb96353da02f089994f3cec71224dfc158010265691fe5af50
CLIENT_HANDSHAKE_TRAFFIC_SECRET 2aa30ac96986be15e16ca0bb08435ae7a94eac1c1f2fa709f0ead4f750ba3987 0950132933f6339d75152e62251a4e5e7db6f48a1f30c8634b934ec11f8630a07a367e670eb05253007ab44bf7184ce9
SERVER_HANDSHAKE_TRAFFIC_SECRET 2aa30ac96986be15e16ca0bb08435ae7a94eac1c1f2fa709f0ead4f750ba3987 cd5c79233b778714f001593b5163fadc03d14e4e7457d28d91071e62f0d17c51f82e65bbb5f2623dc318122636e0c780
CLIENT_TRAFFIC_SECRET_0 2aa30ac96986be15e16ca0bb08435ae7a94eac1c1f2fa709f0ead4f750ba3987 60c8faccb850817c936d980c5d9dde79b5fca5cd2c203a95e2c210cb288d180ebdd64855861563e5b76a2460917f9966
SERVER_TRAFFIC_SECRET_0 2aa30ac96986be15e16ca0bb08435ae7a94eac1c1f2fa709f0ead4f750ba3987 ff522a2e447c7b159c022639900d5800c20e413e6174ebd6bf6bb84dea291d62ffa2dc9742389b161f9a14ddb9156bec
EXPORTER_SECRET 2aa30ac96986be15e16ca0bb08435ae7a94eac1c1f2fa709f0ead4f750ba3987 c4b9e58b5af7bf346ac30ac1c34373dd34d7cf994cb35dc034b0f83909292d894d77065bf40b40277ed37d92f563de1c
CLIENT_HANDSHAKE_TRAFFIC_SECRET cbd1e4100b59da3ca4fd797e211c7887a9b3e15954b8a8be754db0653836e54e 672e9d7161e1d0221f486392fdff6277656fd05f97b9a86ea4856f3c797c3b5d03b5da5b128598caf690a5c2c084fb3f
SERVER_HANDSHAKE_TRAFFIC_SECRET cbd1e4100b59da3ca4fd797e211c7887a9b3e15954b8a8be754db0653836e54e 284b299c48b46d12a185a135660d5866954329506d0aa77807bf4b734b8023bbb97ec7eb479bfa694ad7c9c07488c9d9
CLIENT_TRAFFIC_SECRET_0 cbd1e4100b59da3ca4fd797e211c7887a9b3e15954b8a8be754db0653836e54e 428b896d630f1147faa31667b451ba1b3b57d68c8faa4030c282d2981f5e417776fa1efdafbc90d47a53f3ed2a122052
SERVER_TRAFFIC_SECRET_0 cbd1e4100b59da3ca4fd797e211c7887a9b3e15954b8a8be754db0653836e54e 1d35ea973554f09eea2c5c82890c43c0455c066b5134b77a8fe0362e430c9cf3ad7f1a527edc55ef2293747bf7812361
EXPORTER_SECRET cbd1e4100b59da3ca4fd797e211c7887a9b3e15954b8a8be754db0653836e54e b822c0c08f23fc7ad8f501493081d97abb642a0cb4a337f54b8a8d6c3f627d53d605380cbfaba0ec073db8f0eba7120e
CLIENT_HANDSHAKE_TRAFFIC_SECRET ed6af54b0b98d451658e66023a1d27a133a7ec4e2d3bbe429d152e5ad131f20a a935dda53d0dde47b19260888d0c89773f97095793d54de2dfe4013dc7e6607ad8e49f11c177718c7503be6fb1113bff
SERVER_HANDSHAKE_TRAFFIC_SECRET ed6af54b0b98d451658e66023a1d27a133a7ec4e2d3bbe429d152e5ad131f20a 60325f70abc2a2a7868870bfb867e2b65bee0f5561cb54e04009783f2d07614b3909b43b50983b42b488703f722fbd6d
CLIENT_TRAFFIC_SECRET_0 ed6af54b0b98d451658e66023a1d27a133a7ec4e2d3bbe429d152e5ad131f20a 523929843abb937f50641e5eb9b5e84d2241c0956e209504fb05a320d43b3dba5986604a708f4389761baf3e5cb9d496
SERVER_TRAFFIC_SECRET_0 ed6af54b0b98d451658e66023a1d27a133a7ec4e2d3bbe429d152e5ad131f20a 35327ae8b965d1881e899b4ee1b18390fe3d2258bc0b7a2afacab263a72643a8ad3e0ae9cfe7426f88175fa91f1f94e3
EXPORTER_SECRET ed6af54b0b98d451658e66023a1d27a133a7ec4e2d3bbe429d152e5ad131f20a f5ed4495e6be5fccc3718ddd52d6860c8bf015c5a54eaa27d33ba3e91cceb1564f4af8602558071ab4cdafa7742fb03e
CLIENT_HANDSHAKE_TRAFFIC_SECRET a91c007a7f7a1eef7c1b87931bcbb9d39bfdb3b66e8a12fe1f8444dfc3a1c97e 9126a3230f4987b776c418b00b4a653deef0137766eaad8e389b177d5a40036d
SERVER_HANDSHAKE_TRAFFIC_SECRET a91c007a7f7a1eef7c1b87931bcbb9d39bfdb3b66e8a12fe1f8444dfc3a1c97e 9cbe5524627efdd7878247e114e67dcb695f64592084e9696c4dcbead8a91085
CLIENT_TRAFFIC_SECRET_0 a91c007a7f7a1eef7c1b87931bcbb9d39bfdb3b66e8a12fe1f8444dfc3a1c97e 52bdabfb490dcba8d7d4f239ab74754fe2d6705926539e22301c0138900b822d
SERVER_TRAFFIC_SECRET_0 a91c007a7f7a1eef7c1b87931bcbb9d39bfdb3b66e8a12fe1f8444dfc3a1c97e c8cea99f81018d35f657479e14c869eab54f7e32b71c04424a2bc619dcc338a8
EXPORTER_SECRET a91c007a7f7a1eef7c1b87931bcbb9d39bfdb3b66e8a12fe1f8444dfc3a1c97e 94d281d8729b92d97c584ddb8db0a974e62d711950b642b953be93e569c934bc
CLIENT_HANDSHAKE_TRAFFIC_SECRET 7d94f7018f3e411fd6c71348bd8abcaec433741ec034c47618d7b46fbf34b9c5 e720fc2941dd334ab5f1397e55fab1288bd8ccb69a4a2d888aff91ad84d1ec1c
SERVER_HANDSHAKE_TRAFFIC_SECRET 7d94f7018f3e411fd6c71348bd8abcaec433741ec034c47618d7b46fbf34b9c5 51ad97a972dd7644068fa62d0fee864911b82716c316b35554b5e16af022a949
CLIENT_TRAFFIC_SECRET_0 7d94f7018f3e411fd6c71348bd8abcaec433741ec034c47618d7b46fbf34b9c5 ef85e9a86eeee29641a7144fd831b269591f1704cb5f21b6f4593a6c5395ea38
SERVER_TRAFFIC_SECRET_0 7d94f7018f3e411fd6c71348bd8abcaec433741ec034c47618d7b46fbf34b9c5 033846cde22297604ff3a8d3b7b65e5aa96cfaef6201258f67a68f5d74cf4035
EXPORTER_SECRET 7d94f7018f3e411fd6c71348bd8abcaec433741ec034c47618d7b46fbf34b9c5 6cdb0bd732a378cfc5c440d0d193d0585d73ef13e390ec7a127d31fb29b0357e
CLIENT_HANDSHAKE_TRAFFIC_SECRET 371e5ed8addae3fcdba3fd2668c3abe322ccd6494d3d336b6a6316395de3028f 20ab3793d7f2bfd8f91ba9d58a88cd8f638f5e13ef1300b2a1d3cc70001c8042
SERVER_HANDSHAKE_TRAFFIC_SECRET 371e5ed8addae3fcdba3fd2668c3abe322ccd6494d3d336b6a6316395de3028f f3538fe228e75ddc3826dc2c06511c1673e5a1cd11a6ea69323f1ba8c974ed09
CLIENT_TRAFFIC_SECRET_0 371e5ed8addae3fcdba3fd2668c3abe322ccd6494d3d336b6a6316395de3028f 994226c9912157b4b5b3b5a9e8a08fa0107bdbbcf2245f59377384dca7ba00be
SERVER_TRAFFIC_SECRET_0 371e5ed8addae3fcdba3fd2668c3abe322ccd6494d3d336b6a6316395de3028f bddd32b90618845b9404857ce6eb998b2441037f780680697fc1f58768668a2a
EXPORTER_SECRET 371e5ed8addae3fcdba3fd2668c3abe322ccd6494d3d336b6a6316395de3028f 9e7de60b4bf7333542462b02a6360de06410dccdd33acd1e98dfef8fb6c94454
CLIENT_HANDSHAKE_TRAFFIC_SECRET 53e652c06ea638092f8f62c7edf7c62820aa4310ee2f69dbc0f3259785c5247f 6a4a7718399c1d1c1da1b24bd82f3510e6ec56cbc138312fde775fe3086abfac
SERVER_HANDSHAKE_TRAFFIC_SECRET 53e652c06ea638092f8f62c7edf7c62820aa4310ee2f69dbc0f3259785c5247f 89a789c8670f60149343353efb96b2b27bf01456c656a70d48fed3933d8e353a
CLIENT_TRAFFIC_SECRET_0 53e652c06ea638092f8f62c7edf7c62820aa4310ee2f69dbc0f3259785c5247f 6eea61afc903c4253e610980c8d9ff1a63e21f146cb0e945a4f4edf147c98bc2
SERVER_TRAFFIC_SECRET_0 53e652c06ea638092f8f62c7edf7c62820aa4310ee2f69dbc0f3259785c5247f 155d29740701d44441ac2fef8950ddcee342c5d4a188c7e2900b479cec5075db
EXPORTER_SECRET 53e652c06ea638092f8f62c7edf7c62820aa4310ee2f69dbc0f3259785c5247f 84a1598fbc4115708bf8cf87562d0603f2713cee63b0ecb67726f44e0d3caa8d
CLIENT_HANDSHAKE_TRAFFIC_SECRET 4185c2886a7c8879d1d2c04102cf012b02892e8bb4e8762f478108d28af301fb 3e4aed64c9198b1ae3d4603cef87ad2d8cff4820ee31a6db46e2a07307f06d0b
SERVER_HANDSHAKE_TRAFFIC_SECRET 4185c2886a7c8879d1d2c04102cf012b02892e8bb4e8762f478108d28af301fb 6fb0b8baf5b95926513f0b8d919dc96677e5e020d58149dd519cddc5e0f2abf4
CLIENT_TRAFFIC_SECRET_0 4185c2886a7c8879d1d2c04102cf012b02892e8bb4e8762f478108d28af301fb 511808f5a3286c08d1557891c42a8ac3a8ec9cbbd1c588e963a20058f4d277cd
SERVER_TRAFFIC_SECRET_0 4185c2886a7c8879d1d2c04102cf012b02892e8bb4e8762f478108d28af301fb f765504417e5e44614c318801b0ca7f2050a5d196131021aec09dbf3d103a0a8
EXPORTER_SECRET 4185c2886a7c8879d1d2c04102cf012b02892e8bb4e8762f478108d28af301fb cfb32f1cbce06c721b2f6161db18e32262368d2e6e8114cac004ff9a081f51fe
CLIENT_HANDSHAKE_TRAFFIC_SECRET c8717b1ebb7ca4801e666e0a606df4928eca97b8d322dd7c615d31f89e3928dd c7c68318dc2fd176ac0d01e611d90596458264440db57ac6264ed739f2227e21172117736b2405730df9342685851d25
SERVER_HANDSHAKE_TRAFFIC_SECRET c8717b1ebb7ca4801e666e0a606df4928eca97b8d322dd7c615d31f89e3928dd 8909da809e88981fd0ce4638440a0fe30dc34417d3f7fc4f6d69f8423c98e5e14ad658b3a6c812eb8700ef6faef1f4d4
CLIENT_TRAFFIC_SECRET_0 c8717b1ebb7ca4801e666e0a606df4928eca97b8d322dd7c615d31f89e3928dd 65467ec79084f1f4577444df6d17301a9c1fe513bfa154102c40f64e1dac8b3a0c8b99b8537b85e48aa9b488c0a24dcc
SERVER_TRAFFIC_SECRET_0 c8717b1ebb7ca4801e666e0a606df4928eca97b8d322dd7c615d31f89e3928dd 87f4eea488e9a8caacb1f4aa01bd43672f144f10b9fc337abd292e6b9303dc3dea24d7e88cddc3b6c8cdb93ecfb34a9b
EXPORTER_SECRET c8717b1ebb7ca4801e666e0a606df4928eca97b8d322dd7c615d31f89e3928dd 44446d561dbe375663e7f9203ad7a7677b33ec5e02a97a32dbabd9a5f6fd11cb21ab5b0cdc65446716e805190d51042a
CLIENT_HANDSHAKE_TRAFFIC_SECRET ad34882b8db02c80d9163bbfe125ec161b2c98f96e326230ad3f27ab89ce73cc 6e82ef79c4b947aa0c3125a016c271f4dbd408a7d4dd6a65699086c26ab81cd1
SERVER_HANDSHAKE_TRAFFIC_SECRET ad34882b8db02c80d9163bbfe125ec161b2c98f96e326230ad3f27ab89ce73cc 8a0e811011d54ea691fca398ad25ccecd787db81ca5c1b2175ec46285fc8ee0a
CLIENT_TRAFFIC_SECRET_0 ad34882b8db02c80d9163bbfe125ec161b2c98f96e326230ad3f27ab89ce73cc fd2b58daf1f16e638eb49517a11ad6ee9def1754426da9a0a088b16b6a56c957
SERVER_TRAFFIC_SECRET_0 ad34882b8db02c80d9163bbfe125ec161b2c98f96e326230ad3f27ab89ce73cc 2c25772d16a6b6149b8171bfd54072f42b07acb9d984dd92b7cb6eff9dc6724e
EXPORTER_SECRET ad34882b8db02c80d9163bbfe125ec161b2c98f96e326230ad3f27ab89ce73cc ec613e72f9d646b2ee22b48b46213c9417b4ca4c5a6f6b44fcc956a6325c1609
CLIENT_HANDSHAKE_TRAFFIC_SECRET 057779f75c9bb01fec37b0d64ff94e1bac829a195dede70a55c691f5e0957c6c a89a0b7a49af0c32e226ceabdc46648082a1c41fb779f26f83a414307baf55e1
SERVER_HANDSHAKE_TRAFFIC_SECRET 057779f75c9bb01fec37b0d64ff94e1bac829a195dede70a55c691f5e0957c6c 0f518b86e75154724d3fd066b10b18838787e0b2b3ad7470072a466231a66581
CLIENT_TRAFFIC_SECRET_0 057779f75c9bb01fec37b0d64ff94e1bac829a195dede70a55c691f5e0957c6c 376df83575eab169a7caae28f932a5bdd41e5d7c8eddf17540e28a5a8d53b9f5
SERVER_TRAFFIC_SECRET_0 057779f75c9bb01fec37b0d64ff94e1bac829a195dede70a55c691f5e0957c6c b4c9594bcbc90241e82a7e8ee62a2d9dabc6d165b4b187c8c355b749729693e9
EXPORTER_SECRET 057779f75c9bb01fec37b0d64ff94e1bac829a195dede70a55c691f5e0957c6c f4dc697b2271eb42fa3dea8ec6710f8a48c979490e14eb7e431ddaab9f6624e7
CLIENT_HANDSHAKE_TRAFFIC_SECRET c0044dcb870b46a46ee90b22f0d314f4281a91bac97a2d4a05d0ae8319fb3e08 8930715f9d9d12ed18958a048335dead4d52f7526051ff9963b0f7e11c0c8bf0
SERVER_HANDSHAKE_TRAFFIC_SECRET c0044dcb870b46a46ee90b22f0d314f4281a91bac97a2d4a05d0ae8319fb3e08 9c1186057e641d302aad737ca5ba44dd9751106c4d02438414717c05f8f3e6ab
CLIENT_TRAFFIC_SECRET_0 c0044dcb870b46a46ee90b22f0d314f4281a91bac97a2d4a05d0ae8319fb3e08 e016a3130089292b2973ad202eb003fdd00e890d42f7d84177d40c3481fb7d9c
SERVER_TRAFFIC_SECRET_0 c0044dcb870b46a46ee90b22f0d314f4281a91bac97a2d4a05d0ae8319fb3e08 275b76b24a8a433b7d309e76a1dbc43fccf2f85369183753d1ed17bad74189f5
EXPORTER_SECRET c0044dcb870b46a46ee90b22f0d314f4281a91bac97a2d4a05d0ae8319fb3e08 7afa19db89560f34be2164f52a297d9b37dd7c69176a6bea751b0d20968d05ff
CLIENT_HANDSHAKE_TRAFFIC_SECRET f7d7b0290365ebdbb3985f18ecd3ea80b394d1e2d78fb8b5e7028996018f24e6 bff4502d009e6c3c9598980d2e11b02967c5817ab108551b59ead2badd2cbe3136f3c9f9b2a432e7ea686d367ce37731
SERVER_HANDSHAKE_TRAFFIC_SECRET f7d7b0290365ebdbb3985f18ecd3ea80b394d1e2d78fb8b5e7028996018f24e6 e38e1cc9e399577a9b29289463d94969b067f3ea9ae8e0fc1bb555f39270832b423c09a9ae08bd1e94e4006d72a34c50
CLIENT_TRAFFIC_SECRET_0 f7d7b0290365ebdbb3985f18ecd3ea80b394d1e2d78fb8b5e7028996018f24e6 d8fedd95ab15f026805d39d3f35c3007a38227c84839ba97fcf9e4cd700f7df9bdbf280d7eaec8e9524a0fccbace5626
SERVER_TRAFFIC_SECRET_0 f7d7b0290365ebdbb3985f18ecd3ea80b394d1e2d78fb8b5e7028996018f24e6 93f1d5eef28e76aede297ad030495bbeeb2252b75c6d02c4858b8182c78a55122410babcf1ba4f564ff1cb05b4fe8597
EXPORTER_SECRET f7d7b0290365ebdbb3985f18ecd3ea80b394d1e2d78fb8b5e7028996018f24e6 44ab0700177f62243118476cab1b38b5d104820ae573705178aef0bcb48a7e990619c8153525f53aef625af0d526fd80
CLIENT_HANDSHAKE_TRAFFIC_SECRET 9c88e6f383ef9bfb22a5ee164002ad438d9f65c77c6ee788099ef3bc448e538d 8dd4c908781bc47aa8f4c95276bec96c2645bba5294ce2045e1129087301d784
SERVER_HANDSHAKE_TRAFFIC_SECRET 9c88e6f383ef9bfb22a5ee164002ad438d9f65c77c6ee788099ef3bc448e538d 2f9d0d03d6dc2ea006625a8a2ccf2bdba506d247783c11f14e726750744ca38f
CLIENT_TRAFFIC_SECRET_0 9c88e6f383ef9bfb22a5ee164002ad438d9f65c77c6ee788099ef3bc448e538d 10c631827e857ad2aa160fb03a036c78be1d445cd739caa86c6870a24d27953e
SERVER_TRAFFIC_SECRET_0 9c88e6f383ef9bfb22a5ee164002ad438d9f65c77c6ee788099ef3bc448e538d 4eebe6ae13ac40fb70314a1b1197232e8719dfa333ba29df73136425be81ec45
EXPORTER_SECRET 9c88e6f383ef9bfb22a5ee164002ad438d9f65c77c6ee788099ef3bc448e538d 1a9569141d60e0af47c219a81ff5381dd20935b0e1d7731eea335094363a98eb
